-- phpMyAdmin SQL Dump
-- version 5.1.3
-- https://www.phpmyadmin.net/
--
-- Host: 127.0.0.1
-- Generation Time: Nov 03, 2023 at 07:44 AM
-- Server version: 10.4.24-MariaDB
-- PHP Version: 7.4.28

SET SQL_MODE = "NO_AUTO_VALUE_ON_ZERO";
START TRANSACTION;
SET time_zone = "+00:00";


/*!40101 SET @OLD_CHARACTER_SET_CLIENT=@@CHARACTER_SET_CLIENT */;
/*!40101 SET @OLD_CHARACTER_SET_RESULTS=@@CHARACTER_SET_RESULTS */;
/*!40101 SET @OLD_COLLATION_CONNECTION=@@COLLATION_CONNECTION */;
/*!40101 SET NAMES utf8mb4 */;

--
-- Database: `ecommerce`
--

-- --------------------------------------------------------

--
-- Table structure for table `blog`
--

CREATE TABLE `blog` (
  `id` int(11) NOT NULL,
  `title` varchar(255) NOT NULL,
  `detail` text NOT NULL,
  `date` date NOT NULL,
  `img` varchar(255) NOT NULL
) ENGINE=InnoDB DEFAULT CHARSET=utf8mb4;

--
-- Dumping data for table `blog`
--

INSERT INTO `blog` (`id`, `title`, `detail`, `date`, `img`) VALUES
(2, 'แมวกินอะไรได้บ้าง', 'แมวจะค่อนข้างช่างเลือกเรื่องการกิน แมวบางตัวอาจจะชอบกินอาหารแทบทุกอย่าง ขณะที่บางตัวก็อาจเมินอาหารแทบทุกอย่างเช่นกัน บทความนี้รวบรวมเมนูอาหารที่แมวควรกินเพื่อรักษาสุขภาพให้แข็งแรงสมบูรณ์ และใช้ชีวิตอย่างมีความสุข', '2023-09-03', 'cateat.png'),
(3, 'คู่มือการให้อาหารสำหรับสุนัขแต่ละช่วงวัย กินอย่างไรให้สุขภาพดี', 'สุนัขในแต่ละช่วงวัยนั้นก็จะมีนิสัยและความต้องการสารอาหารในร่างกายที่แตกต่างกันออกไป การดูแลเรื่องอาหารให้ถูกโภชนาการและเหมาะสมกับการเจริญเติบโตของน้อง ๆ จึงเป็นสิ่งสำคัญที่คนเลี้ยงสุนัขไม่ควรละเลย เพราะการให้อาหารที่เหมาะสมตามช่วงวัยต่าง ๆ สามารถช่วยให้สุนัขมีสุขภาพที่แข็งแรงและมีพัฒนาการที่ดีได้', '2023-09-14', 'อาหารสุนัขแต่ละวัย-02-1024x536.jpg'),
(4, 'เปิดเคล็ดลับการเลือกอาหารสำหรับลูกสุนัข', '<p><em><strong>สุนัขต้องการโภชนาการที่เหมาะสมเพื่อการเจริญเติบโตและพัฒนาการที่ดี สุนัขแต่ละขนาดและสายพันธุ์ต้องการสารอาหารในปริมาณที่แตกต่างกัน อย่างลูกสุนัขที่อยู่ในช่วงกำลังเจริญเติบโต จะต้องการพลังงานมากขึ้นสำหรับการพัฒนาโดยรวม สารอาหารต่าง ๆ เช่น ไขมัน โปรตีน คาร์โบไฮเดรต วิตามิน และแร่ธาตุ ช่วยให้ลูกสุนัขเติบโตอย่างสมวัยและแข็งแรง การเลือกอาหารลูกสุนัขจึงถือเป็นการตัดสินใจที่สำคัญ เพราะมีผลโดยตรงต่อพัฒนาการของเจ้าตัวน้อยในช่วงปีแรก</strong></em></p>\r\n', '2023-09-30', 'Two-Dogs-Eating.jpg');

-- --------------------------------------------------------

--
-- Table structure for table `delivery_company`
--

CREATE TABLE `delivery_company` (
  `id` int(11) NOT NULL,
  `deliverycompany_name` varchar(255) NOT NULL
) ENGINE=InnoDB DEFAULT CHARSET=utf8mb4;

--
-- Dumping data for table `delivery_company`
--

INSERT INTO `delivery_company` (`id`, `deliverycompany_name`) VALUES
(2, 'Kerry Express'),
(3, 'ไปรษณีย์ไทย'),
(4, 'J&T Express'),
(5, 'Flash Express'),
(6, 'SCG Express'),
(7, 'DHL Express');

-- --------------------------------------------------------

--
-- Table structure for table `favorite`
--

CREATE TABLE `favorite` (
  `id` int(11) NOT NULL,
  `user_id` int(11) NOT NULL,
  `product_id` int(11) NOT NULL
) ENGINE=InnoDB DEFAULT CHARSET=utf8mb4;

--
-- Dumping data for table `favorite`
--

INSERT INTO `favorite` (`id`, `user_id`, `product_id`) VALUES
(10, 6, 36),
(11, 6, 38),
(14, 6, 89),
(16, 31, 61);

-- --------------------------------------------------------

--
-- Table structure for table `group_product`
--

CREATE TABLE `group_product` (
  `id` int(11) NOT NULL,
  `name` varchar(255) NOT NULL
) ENGINE=InnoDB DEFAULT CHARSET=utf8mb4;

--
-- Dumping data for table `group_product`
--

INSERT INTO `group_product` (`id`, `name`) VALUES
(8, 'อาหาร/ขนม'),
(9, 'ของเล่น'),
(10, 'ที่อยู่ของสัตว์เลี้ยง'),
(11, 'อาหารเสริม/วิตามิน'),
(12, 'ผลิตภัณฑ์ทำความสะอาด'),
(13, 'ชาม ที่ให้อาหาร'),
(14, 'กระเป๋าและอุปกรณ์ท่องเที่ยว');

-- --------------------------------------------------------

--
-- Table structure for table `order`
--

CREATE TABLE `order` (
  `id` int(11) NOT NULL,
  `user_id` int(11) NOT NULL,
  `address_id` int(11) NOT NULL,
  `status` varchar(50) NOT NULL DEFAULT 'awaiting payment',
  `session_id` varchar(255) DEFAULT NULL,
  `confirm_date` datetime NOT NULL,
  `pay_date` datetime DEFAULT NULL,
  `pay_remark` text DEFAULT NULL,
  `delivery_date` date DEFAULT NULL,
  `track_name` int(11) DEFAULT NULL,
  `track_code` varchar(200) DEFAULT NULL,
  `send_remark` varchar(1000) DEFAULT NULL
) ENGINE=InnoDB DEFAULT CHARSET=utf8mb4;

--
-- Dumping data for table `order`
--

INSERT INTO `order` (`id`, `user_id`, `address_id`, `status`, `session_id`, `confirm_date`, `pay_date`, `pay_remark`, `delivery_date`, `track_name`, `track_code`, `send_remark`) VALUES
(52, 6, 7, 'open', 'cs_test_b1IlJHZ4wPxla3a5fm2js1hgmlJu3pFYTvRgjhLCvyyMks2BQvGrppsTJT', '2023-09-29 20:34:24', NULL, NULL, NULL, NULL, NULL, NULL),
(53, 6, 7, 'open', 'cs_test_b1BGnm8R4WM2ch1wvrNZbKM330iigi7lmRFx23rLvsinm1NQt86oHLuiYK', '2023-09-29 20:42:24', NULL, NULL, NULL, NULL, NULL, NULL),
(54, 6, 5, 'open', 'cs_test_a1pXjk6JreqslORG0fpB3PrTgfEsO3tPbDkCXMEHz3jGkXOEPPH3eI9ypb', '2023-09-29 20:48:18', NULL, NULL, NULL, NULL, NULL, NULL),
(55, 6, 6, 'open', 'cs_test_a1PJk5jujZmUVzoA2bClqIQaKUNGL85zP5AFGlk3nWFSrclJLRH6T9gaHc', '2023-09-29 21:02:28', NULL, NULL, NULL, NULL, NULL, NULL),
(56, 6, 7, 'open', 'cs_test_a1bR6kaoGg8Ft0qtSMlFUnMG1EfZALEWuemfm5AIN1M4PgJ3xPCd9VkXBR', '2023-09-29 21:04:25', NULL, NULL, NULL, NULL, NULL, NULL),
(57, 6, 6, 'open', 'cs_test_a1N9XKINu1a1PAvrvcChVi6JuBxgWK81dJTXqVEtM7HMOF8WzHCkPvg6Ol', '2023-09-29 21:10:05', NULL, NULL, NULL, NULL, NULL, NULL),
(58, 6, 7, 'open', 'cs_test_a1OjbjBH9qHwfjugrSI0antQWNl0oqnzJPJn34wtL930kwPEcn54D0dMwk', '2023-09-29 21:12:22', NULL, NULL, NULL, NULL, NULL, NULL),
(60, 6, 7, 'open', 'cs_test_b1tMurEYySYuM5gTBu5K1LSnOjypyMjMJZPGAvadRiIDZ9j2vWW1P4z3nV', '2023-10-02 12:56:56', NULL, NULL, NULL, NULL, NULL, NULL),
(61, 6, 7, 'open', 'cs_test_b1ajosDKt3Du1fy6ZRmCVBzRrExqwDnVJ5poxYNN2f1eDQ0nzfQobdrFKM', '2023-10-02 13:05:17', NULL, NULL, NULL, NULL, NULL, NULL),
(62, 6, 6, 'open', 'cs_test_b1Zh8LAX78jdqWIsWBAnTtIfJVr9cdbum6uOqBxLC3GLkiGs3CaQgZnoPF', '2023-10-02 13:09:41', NULL, NULL, NULL, NULL, NULL, NULL),
(63, 6, 6, 'open', 'cs_test_b1cXiJov5isXr31wALk8p4Cdls3GVZ8sj980ORdlIkQFsXA4Grq9OOw3ST', '2023-10-02 13:13:30', NULL, NULL, NULL, NULL, NULL, NULL),
(64, 6, 5, 'open', 'cs_test_b1EDQOFE4AupFOaYAtG49miWqIPnbbtbP6Vab6EFsqf10a3vbFZYlZZF7m', '2023-10-02 13:16:07', NULL, NULL, NULL, NULL, NULL, NULL),
(65, 6, 7, 'open', 'cs_test_a1zJAeSL4g1VG1WfKRiOgQAOVRk0KwUkPaknSSoVOq2g9FSCOVyvALcAEV', '2023-10-02 13:18:10', NULL, NULL, NULL, NULL, NULL, NULL),
(66, 6, 7, 'open', 'cs_test_a1WJfZmdehuO1uSSd8GOk5en1eKlMSxbOEohp72scBtbwDTKIqmHzEyhV6', '2023-10-02 13:21:09', NULL, NULL, NULL, NULL, NULL, NULL),
(67, 6, 6, 'open', 'cs_test_a16QEbZQ3IoPmCfrPCw4udvIpnjm1zcJoNquB8ZkbnZAhG84aSzrSrnCpN', '2023-10-02 13:57:18', NULL, NULL, NULL, NULL, NULL, NULL),
(77, 6, 7, 'delivery complete', 'cs_test_a1OhhC9cOpWsZTawU37JYxEkpjJkXNz0jNeT6YywDc0mS9MBMmSjX1lMEx', '2023-10-02 14:43:19', NULL, NULL, '2023-10-02', 2, 'F5DFVSAAA888FFXXWS', ''),
(78, 6, 7, 'delivery complete', 'cs_test_a1ZDcgNbUr4w5fAZ7udWIlvudVxJEW0BbWriOuA3MhDLMvD6DI0XgggbtS', '2023-10-02 14:55:47', '2023-10-02 07:56:22', NULL, '2023-10-02', 6, 'SDASD555577744SDASD', ''),
(81, 6, 7, 'delivery complete', 'cs_test_a1jneCRJ7R0E2pSjMavdCOluBEVr4iBc5gXvg1d3XXJNrxVyPHlUqd87Jj', '2023-10-02 15:05:39', '2023-10-02 15:06:02', NULL, '2023-11-03', 4, 'TH200003113335', ''),
(82, 32, 12, 'complete', 'cs_test_a1WXZdEq0aAami4nSlTSAXKWpWzRbhpXVx2ieOS8aJAZxFrQ5jBJjvV2l0', '2023-10-02 17:24:32', '2023-10-02 17:25:07', NULL, NULL, NULL, NULL, NULL),
(83, 6, 7, 'delivery complete', 'cs_test_a1rqhXMqyppvmPhmWWAUmOp41mqrpRtoUqFuVR5L9IZPn5bwLqPzYLWwFl', '2023-10-02 21:27:00', '2023-10-02 21:27:29', NULL, '2023-10-02', 3, 'TH32555DFAWERRR', ''),
(84, 6, 7, 'delivery complete', 'cs_test_a1WNnyvzo0RhbsQ5XUwa4YL0qSHpKB5HZr8qvZZ9cQWA8AGU8lFofUz1JC', '2023-10-02 21:38:59', '2023-10-02 21:45:27', NULL, '2023-10-02', 2, 'RDD8889DFDASFAF', ''),
(85, 32, 12, 'complete', 'cs_test_a1rWuiprbRWKHKjEBkuLK8MDjZJDnvRRpSxDcEN58DLgLzkI02Sl50eAxU', '2023-10-03 10:21:34', '2023-10-03 10:22:14', NULL, NULL, NULL, NULL, NULL),
(89, 6, 6, 'complete', 'cs_test_a1F3oPRkcSjsMHCY61OhnWtA1SX7rV4KcIDUNIXKtm4RkTx1YSyJmZlOMX', '2023-10-21 14:27:00', '2023-10-21 14:27:35', NULL, NULL, NULL, NULL, NULL),
(93, 32, 11, 'complete', 'cs_test_b1OIA4Epk5zIVrsuZg7MFXY8HCJsb9FM6JLwW1Ruj4Kg9PwBFKIhiPWTFk', '2023-11-02 22:47:28', '2023-11-02 22:48:00', NULL, NULL, NULL, NULL, NULL),
(94, 32, 11, 'complete', 'cs_test_b12s52NdoDvFMSvXLj2Czo9sOxv2Jy3uSm5N51YEpwPizx13EIDDoLnQE7', '2023-11-02 22:52:31', '2023-11-02 22:53:05', NULL, NULL, NULL, NULL, NULL),
(96, 32, 11, 'complete', 'cs_test_b1ZQaYbdoQpb37W8anEpxkHqjVpEOlCAZ1nJUHjhuJTb2Hg0dAXeu2lE10', '2023-11-02 23:04:56', '2023-11-02 23:09:53', NULL, NULL, NULL, NULL, NULL),
(97, 32, 11, 'complete', 'cs_test_b1IGxbpM2AclNcO40qc7JlHCvS2eJeq7CDGTuzMjJ0A6HDG8Q5GkL883iB', '2023-11-02 23:13:07', '2023-11-02 23:13:33', NULL, NULL, NULL, NULL, NULL),
(98, 32, 11, 'complete', 'cs_test_a1lcPvvRsSNatFjqukuuuXtS2LV9uH5r2H5KuAnaqnaoTH8mpj52MThNZB', '2023-11-02 23:19:24', '2023-11-02 23:19:52', NULL, NULL, NULL, NULL, NULL),
(99, 6, 6, 'complete', 'cs_test_b1oKuefItI30ReOVET57cYBbyC2SemtM0VyDLHeZicdOuRKlFyoHNz91wF', '2023-11-03 09:03:31', '2023-11-03 09:04:05', NULL, NULL, NULL, NULL, NULL),
(100, 31, 13, 'delivery complete', 'cs_test_a1LSnhqmm0NUc5Z03nZ5SAtr1jLqNOHhGkXqlyjcOtQkJUFuwmVbFkGT8s', '2023-11-03 11:01:29', '2023-11-03 11:02:09', NULL, '2023-11-03', 2, 'TH06664544666SDA', ''),
(101, 31, 13, 'complete', 'cs_test_b16VVrlbSEY0ZisktgigH3RkabEt34SmWJRGuzLNHUhVBlxf0Y2p3A6u00', '2023-11-03 13:12:12', '2023-11-03 13:12:46', NULL, NULL, NULL, NULL, NULL),
(102, 31, 13, 'open', 'cs_test_a16fUh1mluiMcAVqVrLBrC5AMmGsCxsAWGAtxloMJdmD9VUpZeLQkvqgnH', '2023-11-03 13:19:17', NULL, NULL, NULL, NULL, NULL, NULL);

-- --------------------------------------------------------

--
-- Table structure for table `orderdetail`
--

CREATE TABLE `orderdetail` (
  `id` int(11) NOT NULL,
  `order_id` int(11) NOT NULL,
  `product_id` int(11) NOT NULL,
  `qty` int(5) NOT NULL,
  `price` int(6) NOT NULL
) ENGINE=InnoDB DEFAULT CHARSET=utf8mb4;

--
-- Dumping data for table `orderdetail`
--

INSERT INTO `orderdetail` (`id`, `order_id`, `product_id`, `qty`, `price`) VALUES
(77, 33, 7, 1, 1200),
(78, 33, 6, 1, 1500),
(79, 34, 9, 1, 1500),
(80, 34, 7, 1, 1200),
(81, 35, 6, 1, 1500),
(82, 36, 7, 1, 1200),
(83, 37, 5, 3, 500),
(84, 38, 36, 1, 890),
(85, 38, 37, 2, 1090),
(86, 39, 36, 1, 890),
(87, 40, 35, 1, 690),
(92, 42, 37, 1, 1090),
(93, 42, 36, 1, 890),
(94, 42, 41, 1, 145),
(95, 43, 51, 1, 220),
(96, 43, 30, 1, 259),
(97, 44, 77, 1, 50),
(98, 44, 69, 1, 590),
(99, 44, 28, 1, 599),
(100, 45, 75, 1, 545),
(101, 45, 78, 1, 120),
(102, 46, 42, 1, 240),
(103, 46, 51, 1, 220),
(104, 47, 83, 1, 299),
(105, 47, 66, 1, 690),
(106, 48, 90, 1, 2190),
(107, 48, 24, 1, 520),
(108, 49, 49, 1, 120),
(109, 49, 46, 1, 180),
(110, 50, 43, 1, 169),
(111, 50, 82, 1, 399),
(112, 50, 81, 1, 259),
(113, 51, 75, 5, 545),
(114, 52, 35, 3, 690),
(115, 52, 76, 1, 320),
(116, 52, 67, 1, 690),
(117, 53, 90, 1, 2190),
(118, 53, 61, 1, 1200),
(119, 53, 34, 1, 129),
(120, 54, 23, 1, 490),
(121, 55, 81, 1, 259),
(122, 56, 23, 1, 490),
(123, 57, 46, 1, 180),
(124, 58, 37, 1, 1090),
(128, 60, 30, 1, 259),
(129, 60, 54, 1, 315),
(130, 61, 90, 1, 2190),
(131, 61, 64, 1, 200),
(132, 62, 29, 1, 350),
(133, 62, 62, 1, 1200),
(134, 63, 33, 1, 350),
(135, 63, 77, 1, 50),
(136, 64, 84, 1, 169),
(137, 64, 72, 1, 240),
(138, 65, 52, 1, 179),
(139, 66, 73, 1, 2950),
(140, 67, 64, 1, 200),
(141, 68, 54, 1, 315),
(142, 69, 66, 1, 690),
(143, 70, 50, 1, 85),
(144, 71, 49, 1, 120),
(145, 72, 84, 1, 169),
(146, 73, 56, 1, 49),
(147, 74, 21, 1, 320),
(148, 75, 82, 1, 399),
(149, 76, 21, 1, 320),
(150, 77, 83, 1, 299),
(151, 78, 89, 1, 99),
(153, 80, 45, 1, 150),
(154, 81, 49, 1, 120),
(155, 82, 66, 1, 690),
(156, 83, 69, 1, 590),
(157, 84, 71, 1, 250),
(158, 85, 19, 1, 259),
(159, 86, 54, 1, 315),
(160, 87, 38, 1, 600),
(161, 88, 41, 1, 145),
(162, 88, 56, 1, 49),
(163, 89, 70, 1, 250),
(164, 90, 78, 1, 120),
(165, 90, 59, 1, 1200),
(166, 91, 82, 1, 399),
(167, 91, 61, 1, 1200),
(168, 92, 25, 1, 750),
(169, 92, 31, 1, 390),
(170, 93, 23, 1, 490),
(171, 93, 65, 1, 250),
(172, 93, 75, 1, 545),
(173, 94, 36, 1, 890),
(174, 94, 90, 1, 2190),
(175, 95, 22, 1, 690),
(176, 95, 60, 1, 740),
(177, 96, 72, 1, 240),
(178, 96, 20, 1, 520),
(179, 97, 21, 1, 320),
(180, 97, 37, 1, 1090),
(181, 98, 85, 1, 169),
(182, 99, 48, 1, 190),
(183, 99, 19, 1, 259),
(184, 100, 58, 1, 520),
(185, 101, 70, 2, 250),
(186, 101, 32, 1, 690),
(187, 102, 58, 1, 520);

-- --------------------------------------------------------

--
-- Table structure for table `product`
--

CREATE TABLE `product` (
  `id` int(11) NOT NULL,
  `type_product_id` int(11) NOT NULL,
  `group_product_id` int(11) NOT NULL,
  `name` varchar(255) NOT NULL,
  `describe` varchar(1000) NOT NULL,
  `price` int(5) NOT NULL,
  `stock` int(11) NOT NULL,
  `stock_in` date DEFAULT NULL,
  `img` varchar(255) NOT NULL
) ENGINE=InnoDB DEFAULT CHARSET=utf8mb4;

--
-- Dumping data for table `product`
--

INSERT INTO `product` (`id`, `type_product_id`, `group_product_id`, `name`, `describe`, `price`, `stock`, `stock_in`, `img`) VALUES
(19, 1, 8, 'อาหารแมวมีโอ (Me-O)', 'อาหารแมวเกรดพรีเมียมจากมีโอ ที่มีให้เลือกสำหรับแมวโตและลูกแมว จะเน้นอาหารเม็ดที่ทำจากเนื้อปลาทะเลจริงๆ อุดมด้วยสารอาหารที่ช่วยบำรุงขนน้องเหมียวให้เงางามและมีสุขภาพดี เมื่อแมวได้รับอาหารที่มีประโยชน์ก็จะทำให้ภูมิคุ้มกันของร่างกายดีขึ้นตามไปด้วย', 259, 8, NULL, 'Screenshot 2023-08-23 141110.png'),
(20, 1, 8, 'อาหารแมวคานิว่า (Kaniva)', 'Kaniva อาหารแมวพรีเมียม ที่เน้นคัดเลือกวัตถุดิบเนื้อสัตว์คุณภาพมาใช้ผลิตเป็นอาการแมวแบบเม็ด สูตรเนื้อสัตว์ ซึ่งอุดมไปด้วยสารสกัดจากธรรมชาติและมีโปรตีนสูง ซึ่งเป็นส่วนสำคัญในการสร้างกล้ามเนื้อให้สัตว์เลี้ยง บำรุงขนให้สวย ทำให้ระบบย่อยดี ลดก้อนขน อีกทั้งยังมีกลิ่นหอม กินง่าย โซเดียมต่ำ ไม่เค็ม ดีต่อสุขภาพแมว ', 520, 9, NULL, 'Screenshot 2023-08-23 141149.png'),
(21, 1, 8, 'อาหารแมววิสกัส (Whiskas)', 'อาหารแมวของวิสกัส ใช้เนื้อปลาทูน่าและเนื้อปลาทะเลเป็นวัตถุดิบหลัก อุดมไปด้วยทอรีน (Taurine) และวิตามินเอ มีส่วนช่วยในการมองเห็น ช่วยให้ดวงตาของน้องเหมียวสดใส อีกทั้งยังมีกรดไขมันโอเมก้า 3 และ 6 ซึ่งมีส่วนช่วยในการบำรุงสุขภาพผิวและขนที่เงางาม รวมไปถึงวิตามิน E ที่ช่วยเสริมสร้างระบบภูมิต้านทาน', 320, 7, NULL, 'Screenshot 2023-08-23 141301.png'),
(22, 1, 8, 'อาหารแมวแม็กซิม่า (Maxima)', 'อาหารแมว Maxima ชนิดเม็ด เหมาะกับแมวทุกช่วงอายุ มีปริมาณแมกนีเซียมต่ำ ช่วยลดความเสี่ยงการเกิดโรคนิ่ว ดีต่อสุขภาพ กินได้ทุกวัย ทุกสายพันธุ์ ส่วนผสมของอาหารจะใช้เนื้อปลาและเนื้อแกะที่นำเข้าจากนิวซีแลนด์ เน้นสูตรอาหารที่ควบคุมระดับของเกลือ เพื่อป้องกันการเกิดโรคไตวาย สำหรับใครที่กำลังมองหาอาหารสุขภาพเพื่อน้องแมว', 690, 8, NULL, 'Screenshot 2023-08-23 141424.png'),
(23, 1, 8, 'อาหารแมวโรยัล คานิน (Royal Canin)', 'อาหารแมวสำหรับแมวที่ป่วยเป็นโรคไต หรือแมวที่มีอายุมาก เป็นสูตรอาหารที่ผลิตมาเพื่อเสริมการทำงานของไต ช่วยลดการเกิดภาวะแทรกซ้อน พร้อมใยอาหารที่สมดุลและพรีไบโอติกส์ ปลอดภัยต่อระบบทางเดินอาหาร ทั้งนี้แมวที่ป่วยด้วยโรคไตมักจะมีอาการเบื่ออาหาร กินอาหารได้น้อย แต่สำหรับสูตรนี้อาหารจะเริ่มมีกลิ่นหอม และมีรสชาติที่กระตุ้นความอยากกินอาหารของแมว', 490, 7, NULL, 'Screenshot 2023-08-23 141541.png'),
(24, 1, 8, 'อาหารแมวเพียวริน่า (Purina ONE)', 'เพียวริน่า วัน อาหารแมวชนิดเม็ด สูตรสำหรับแมวเลี้ยงในบ้าน ผลิตจากวัตถุดิบคุณภาพสูง ทั้งใยอาหารสูงจากธรรมชาติ ไขมันสัตว์ผสมโทโคโพรอลที่เป็นแหล่งวิตามิน E และมีโปรตีนสูงถึง 38% จากเนื้อไก่งวงแท้ๆ อาหารแมวเพียวริน่า วัน จึงอุดมไปด้วยสารอาหารครบถ้วนและมีแคลอรี่ต่ำ เหมาะสำหรับแมวโตทุกสายพันธุ์ ช่วยควบคุมน้ำหนักสำหรับแมวเลี้ยงในบ้าน ที่มีกิจกรรมน้อย รสชาติอร่อยและมีกลิ่นหอม', 520, 9, NULL, 'Screenshot 2023-08-23 141625.png'),
(25, 1, 8, 'อาหารแมวอิสคาน (Iskhan)', 'อาหารเม็ดของ Iskhan มีส่วนผสมจากเนื้อ 65 เปอร์เซ็นต์ พร้อมด้วยไฟเบอร์ที่เสริมสร้างเรื่องสารอาหาร เหมาะสำหรับแมวทุกสายพันธุ์ ที่สำคัญสูตรนี้ยังป้องกันความผิดปกติที่เกิดขึ้นกับกระเพาะปัสสาวะ และท่อทางเดินปัสสาวะส่วนล่างของแมว บำรุงขนและผิวหนัง ช่วยลดการสะสมของก้อนขน ถูกใจทาสแมว', 750, 9, NULL, 'Screenshot 2023-08-23 141722.png'),
(26, 1, 8, 'อาหารแมวเน็กโกะ คิทเท่น (Nekko Kitten)', 'อาหารแมวเน็กโกะ คิทเท่น ที่มีส่วนผสมของเนื้อปลาทูน่าชิ้นเล็ก เพิ่มความอยากอาหารให้ลูกแมว นอกจากนี้ก็ยังมีส่วนผสมของสารอาหารที่มีคุณประโยชน์ที่จำเป็นต่อลูกแมว เช่น นมแพะ น้ำมันปลาแซลมอน วิตามินอี เป็นต้น', 390, 10, NULL, 'Screenshot 2023-08-23 141832.png'),
(27, 1, 8, 'อาหารแมวโคลเวอร์ (Clover)', 'อาหารแมวไม่เค็ม โซเดียมต่ำ เม็ดเล็ก เคี้ยวง่าย ดีต่อสุขภาพฟัน เหมาะกับแมวทุกสายพันธุ์ที่มีอายุมากกว่า 2 เดือนขึ้นไป ได้รับการรับรองคุณภาพและโภชนาการจาก GMP, HACCP และ AAFCO มีให้เลือกหลายสูตร เช่น อาหารแมวเกรด ultra holistic ที่ใช้โปรตีนจากเนื้อสัตว์สูงถึง 95 เปอร์เซ็นต์ ลดขนร่วง ช่วยให้น้องเหมียวตัวแน่นขึ้นใน 45 วัน รวมไปถึงสูตรอื่นๆ ที่ใช้เนื้อสัตว์และส่วนผสมโซเดียมต่ำ ถนอมไต ไม่ใส่เกลือ ไม่ว่าจะเป็นรสไก่และทูน่า รสแซลมอนและมันฝรั่งหวาน', 550, 10, NULL, 'Screenshot 2023-08-23 141906.png'),
(28, 1, 8, 'อาหารแมวเมี้ยวมี (Mew ME)', 'อาหารแมวเมี้ยวมี สูตรปลาทะเลรวม มีส่วนผสมของปลาทูน่า ปลาแซลมอน และปลาทะเลเนื้อขาว เหมาะสำหรับแมวตั้งแต่ 2 เดือนขึ้นไป มีโปรตีนและไขมันที่เหมาะสม บำรุงเส้นขนให้เงางาม รากขนที่ขึ้นใหม่แข็งแรง พร้อมด้วยทอรีน (Taurine) ช่วยบำรุงสายตา กล้ามเนื้อหัวใจ และระบบสืบพันธุ์ ลดปัญหาขับถ่ายมีกลิ่นเหม็นด้วยสารสกัดจากยัคค่า (Yucca) ช่วยลดกลิ่นตัวน้องแมว', 599, 8, NULL, 'Screenshot 2023-08-23 141938.png'),
(29, 3, 10, 'Nedfs ที่นอน ตะกร้านอนสําหรับสุนัข', 'นุ่มและสบาย: เตียงทำจากผ้าฟลีซเชอร์ปาเนื้อนุ่มเพื่อให้แน่ใจว่าเพื่อนขนฟูของคุณล้อมรอบด้วยความนุ่มนวล สัตว์เลี้ยงของคุณจะเป็นอิสระที่จะก้าวขึ้นและนอนราบและตกหลุมรักมัน สามารถช่วยให้สัตว์เลี้ยงของคุณสงบลงได้เร็วขึ้นและนอนหลับสนิท\r\nการออกแบบที่ไม่เหมือนใคร: เตียงสัตว์เลี้ยงของเราไม่เพียง แต่ให้เตียงที่นุ่มสบาย แต่ยังกลายเป็นของตกแต่งบ้านที่น่ารักของคุณอีกด้วย การออกแบบทรงกลมสร้างความรู้สึกปลอดภัยและรองรับศีรษะและคอ\r\nด้านล่างไม่ลื่น: แต่งแต้มด้วยก้นอ็อกฟอร์ดแบนช่วยให้เตียงอยู่กับที่บนพื้นผิวเรียบไม่ว่าสัตว์เลี้ยงของคุณจะเคลื่อนที่ไปรอบ ๆ มากแค่ไหนก็ตาม\r\nซักเครื่องได้: ซักและดูแลรักษาง่ายซักทั้งเตียงด้วยน้ำเย็นและปั่นแห้งด้วยความร้อนต่ำ\r\nแผนภูมิขนาด: แนะนำให้ใช้เตียงสัตว์เลี้ยงขนาด 5 ขนาดสำหรับสุนัขขนาดเล็กถึงขนาดกลางหรือแมวทุกวัย โปรดวัดสัตว์เลี้ยงของคุณเพื่อให้แน่ใจว่าขนาดถูกต้อง', 350, 9, NULL, 'sg-11134201-22110-vyzm8c24bakv0c.jfif'),
(30, 1, 10, 'Cutebaby ที่นอนแมว', 'ผลิตจากผ้า veet นุ่ม อุ่น ทนทาน สัมผัสสบาย สัตว์เลี้ยงชอบนอนบนนั้น ดีไซน์หูสัตว์น่ารัก เป็นเตียงที่ดูดีนำความสุขมาสู่แมวของคุณด้วยปอมปอม ทำความสะอาดง่าย สามารถถอดเบาะนอนออกมาซักได้ พื้นที่นอนมีแผ่นกันลื่น ทำให้ไม่เลื่อนง่าย ความยืดหยุ่นสูงไม่ยุบตัว เนื้อผ้านุ่มเหมือนก้อนเมฆ เป็นมิตรกับผิว ระบายอากาศได้ดี แมวนอนหลับอย่างสงบและรูปร่างกึ่งปิดที่สอดคล้องกับธรรมชาติที่ซ่อนของแมว', 259, 8, NULL, '39256f1016bdc15f6eedd4dad6fb65eb.jfif'),
(31, 3, 8, 'ALPO ADULT อัลโป อดัลท์', 'ALPO ADULT อัลโป อดัลท์ อาหารเม็ดสำหรับสุนัขรสชาติที่เจ้าตูบโปรดปราน ครบถ้วนด้วยสารอาหารที่เป็นประโยชน์ต่อร่างกาย โปรตีนสูง ช่วยสร้างกล้ามเนื้อให้แข็งแรง สารต้านอนุมูลอิสระ ช่วยเสริมสร้างภูมิคุ้มกันและเซลล์ให้สุขภาพดี แคลเซียม บำรุงกระดูกและฟันให้แข็งแรง โอเมก้า 3 และ 6 ช่วยให้ผิวหนังสุขภาพดี ขนสวยเงางาม', 390, 5, NULL, 'Purina-Alpo-Adult-Lamb-Vegetable-Flavour-3kg.jpg'),
(32, 3, 8, 'Maxima Large Dog', 'Maxima Dog อาหารเม็ด อาหารสุนัข สูตรเนื้อแกะ บำรุงผิวหนังและขน (เม็ดใหญ่) สำหรับสุนัขพันธุ์ใหญ่ ขนาด 15 กิโลกรัม Maxima Dog Food อาหารเม็ดคุณภาพดี สูตรเนื้อแกะและข้าว ไม่ผสมข้าวโพดและถั่วเหลือง ไม่ผสมเนื้อและกระดูกป่น มีวิตามินและแร่ธาตุ อาหารสุนัขแม็กซิม่า เกรดซุปเปอร์พรีเมี่ยม มีกลูโคซามีนและคอนรอยตินที่ช่วยบำรุงกระดูกสะโพกให้แข็งแรง นอกจากนี้ยังมีส่วนช่วยให้แบคทีเรียในระบบทางเดินอาหารทำงานได้ดี ควบคุมระดับของเกลือ เพื่อป้องกันการเกิดโรคไตวาย และควบคุมระดับของแมกนีเซียม เพื่อป้องกันการเกิดโรคนิ่ว', 690, 9, NULL, '15975.png'),
(33, 3, 8, 'เพดดิกรี (pedigree)', 'เพดดิกรี อาหารสุนัขชนิดเม็ด รสเนื้อวัว แกะและผัก 8 กิโลกรัม เม็ดอาหารขนาดเล็กพอดีคำ หอม กรอบ อร่อย เหมาะกับสุนัขพันธุ์เล็ก มีมีทตี้ พ็อกเก็ตส์ เพื่อเพิ่มรสชาติที่แสนอร่อยในแต่ละมื้อ มีโอเมก้า 6 และสังกะสี เพื่อขนเงางามขึ้น พิสูจน์ได้ใน 6 สัปดาห์ มีแคลเซียมและฟอสฟอรัส เสริมสร้างกระดูกและฟันให้แข็งแรง โปรตีน เพื่อกล้ามเนื้อที่แข็งแรงสมบูรณ์ มีใยอาหาร ช่วยส่งเสริมระบบย่อยอาหารและการขับถ่ายที่ดี', 350, 9, NULL, '1101010660001-1.webp'),
(34, 3, 8, 'ซีซาร์ อาหารสุนัขชนิดเปียก (Cesar)', 'ซีซาร์ อาหารสุนัขชนิดเปียก แบบถาด อาหาสุนัขแบบเปียก นำเข้าจากประเทศออสเตรเลีย รสชาติอร่อย กลิ่นหอม ถูกใจน้องหมา', 129, 9, NULL, '3d8d0e9fbe5db33137dd1f33984df703.jfif'),
(35, 3, 8, 'สมาร์ทฮาร์ท โกลด์ (SmartHeart Gold)', 'มีส่วนผสมของ แอล-คาร์นิทีน (L-Carnitine) ช่วยลดการสะสมของไขมันในร่างกาย ทำให้สุนัขมีสุขภาพแข็งแรง มีโครงสร้างที่ได้สัดส่วนและสมดุล ', 690, 5, NULL, 'ee0264adb78415ccab31e0c2e93f7eef.jfif'),
(36, 3, 8, 'ซุปเปอร์โค้ท (Supercoat)', 'Supercoat ซุปเปอร์โค้ท เป็นสูตรพิเศษซึ่งมีสารอาหารที่ครบถ้วนสมบูรณ์ 100% ตามหลักโภชนาการ สูตรพิเศษนี้มาจากผู้เชี่ยวชาญด้านดูแลสัตว์เลี้ยงของเพียวริน่า อีกทั้งยังยึดตามหลักของผลวิจัยและวิทยาศาสตร์ เพื่อส่งมอบสารอาหารตามหลักโภชนาการที่ดีที่สุดเท่าที่จะเป็นไปได้ให้สุนัขของคุณได้รับประโยชน์อย่างเต็มที่ • ด้วยขนที่แข็งแรงเงาสวย ระบบย่อยที่ดี และพลังอันเหลือล้น ซึ่งทั้งหมดนี้พร้อมด้วยรสชาติ จะทำให้พวกเขาได้สนุกและเพลิดเพลิน', 890, 6, NULL, 'Purina-Super-Coat.jpg'),
(37, 3, 8, 'Dog Days อาหารสุนัขเพื่อแก้ขนร่วงโดยเฉพาะ', 'Dog Days อาหารสุนัขเพื่อแก้ขนร่วงโดยเฉพาะ อาหารเม็ดสูตรสำหรับน้องหมาที่ถูกเลี้ยงในประเทศไทยโดยเฉพาะ (ทุกสายพันธุ์ที่ถูกเลี้ยงในประเทศไทย) สูตรควบคุมโปรตีนและไขมันให้พอเหมาะกับสภาพแวดล้อมในประเทศไทย 2 มื้อลดกลิ่นอึ กลิ่นฉี่ 2 สัปดาห์ลดคราบน้ำตา 2 เดือนขนไม่ร่วง สวย เงางาม เนื้อแกะพรีเมียมจากออสเตรเลีย – ไม่มีส่วนผสมของผลพลอยได้หรือเศษอาหารจากสัตว์ปีก น้ำมันปลาแซลมอนจากนอร์เวย์ – มี omega 3 และ 6 เพื่อสุขภาพผิวที่ดี ลดการขนร่วง ขนยาวเงางาม พัฒนาการเจริญเติบโตของเซลล์ ภูมิคุ้มกันแข็งแรง ลดปัญหา ผิวแห้งแตก ขนซีด ผิวหนังอักเสบและขนร่วง ข้าว – ปราศจากส่วนผสมของข้าวโพด ไม่มีกลูเตน น้องหมาที่แพ้กลูเตนสามารถรับประทานได้ สารสกัดยัคค่า วิตามินและแร่ธาตุต่างๆที่จำเป็นต่อการเจริญเติบโตและระบบภายในของสุนัข เม็ดอาหารแห้ง ไม่เหนียวติดมือ ไม่มีกลิ่นฉุน ผลิตภัณฑ์ได้รับการรับรอง GMP, HACCP, AAFCO', 1090, 5, NULL, 'd92b9c5a.jpg'),
(38, 3, 8, 'Prowild Selected Dog Food โปรไวลด์ อาหารสุนัข', 'โปรไวลด์ อาหารสุนัข เกรดซุปเปอร์พรีเมี่ยม ทานได้ทุกช่วงวัย และทุกสายพันธุ์ โปรตีนจากเนื้อปลาและเนื้อแกะ ย่อยง่าย ส่วนผสมหลักจากเนื้อสัตว์ ไม่ใช่ผลพลอยได้จากสัตว์ มีกรดไขมันโอเมก้า 6 และ 3 ช่วยบำรุงผิวหนังและเส้นขนให้สวยเงางาม\r\nไม่มีส่วนผสมของข้าวโพด ข้าวสาลีที่อาจทำให้เกิดอาการแพ้ และไม่ใส่สารกันบูด', 600, 29, '2023-09-21', 'cfeab2fd25c69d94f8e2406ae6476ce0.jfif'),
(41, 5, 8, 'อาหารหนูแกสบี้ หนูตะเภา หนูขวัญ โปรตีนสูง!! ระดับพรีเมี่ยม Master Premium Feed 910 กรัม', 'Master Premium Feed\r\n\r\nอาหารแกสบี้ระดับพรีเมี่ยม\r\nด้วยส่วนผสมที่ลงตัว ควบคุมวัตถุดิบที่นำมาใช้โดยสัตวแพทย์ ที่มีความชำนาญ ที่สามารถตอบโจทย์ผู้เลี้ยงหนูแกสบี้ได้อย่างครบถ้วน\r\n\r\nโปรตีนมากถึง22%\r\n \r\nไฟเบอร์ 18% ซึ่งมาจากส่วนผสมของหญ้ามากกว่า 50%\r\n \r\nพรีไบโอติกส์ โปรไบโอติก ช่วยเรื่องระบบลำไส้\r\n  \r\nสารกระตุ้นภูมิ ช่วยเรื่องระบบทางเดินหายใจและโรคปอด\r\n      \r\nยัคค่าช่วยลดกลิ่นฉี่ \r\n       \r\n   วิตามินซี ในปริมาณที่เพียงพอต่อความต้องการของแกสบี้ในแต่ละวัน\r\n\r\nไม่ใช้ข้าวโพดและถั่วลิสงมาเป็นวัตถุดิบในการทำอาหาร เนื่องจากโดยส่วนใหญ่จะพบการปนเปื้อนของอะฟลาทอกซินซึ่งส่งผลเสียต่อหนูแกสบี้', 145, 8, NULL, 'sg-11134201-22100-qjxj7kw4i6ivb6.jfif'),
(42, 5, 8, 'Versele-Laga Nature Cavia, 700g.(Guinea Pig Food Vitamin C+) เนเจอร์ คาเวีย อาหารหนูแกสบี้ 700กรัม', 'อาหารหนูแก๊สบี้ เนเจอร์ คาเวีย Versele-Laga Nature Cavia \r\nไฟเบอร์สูง เหมาะสำหรับหนูแก๊สบี้\r\nเพิ่มผัก ผลไม้ และสมุนไพรหลากหลาย \r\nอุดมด้วยวิตามินซี  เหมาะสำหรับหนูแก๊สบี้\r\nGRAIN FREE ย่อยง่าย ไร้แป้ง เหมาะสำหรับเฮอร์บิวอร์\r\n\r\nส่วนประกอบสำคัญ\r\nหญ้าทิโมธี  หญ้าหลากหลายชนิด ผักสด  และสมุนไพร กว่า 21%\r\nผักสดหอมอร่อย (อาทิ บีทรูท 5.5%  เยลโลพี 4%  กรีนพี 12%)\r\nผลไม้หวานฉ่ำ และ หญ้ายัคคาช่วยลดกลิ่นมูล\r\n', 240, 9, NULL, '0c9cf418f889834abd07d2fa1f621f01.jfif'),
(43, 1, 10, 'ที่นอนแมว รูปทรงกล้วยหอม ที่นอนสัตว์เลี้ยง Banana Pet\'s Bed', 'ใช้วัสดุที่มีคุณภาพสูงเพื่อให้ผลิตภัณฑ์ผ้าสั้นนุ่มและสะดวกสบาย;\r\nการออกแบบรูปทรงกล้วยใหม่น่าสนใจและน่ารัก\r\nจำลองมุมของผลไม้เป็นทางเข้าสู่ทางเข้า;\r\nฟองน้ำนุ่มภายในไม่ใช่เรื่องง่ายที่จะทำให้เสียโฉม;\r\nด้วยวัสดุปลอดสารพิษและอบอุ่นและทำความสะอาดง่าย', 169, 9, NULL, '300552426bcc7d90d107a2de0d35ab5d.jfif'),
(44, 5, 8, 'CARE+ Guinea Pig 250 g. อาหารหนูแกสบี้ 250 กรัม ซุปเปอร์พรีเมี่ยม', 'อาหารหนูแกสบี้ เกรด ซุปเปอร์พรีเมี่ยม\r\n\r\nความน่ากินสูง\r\n\r\nผ่านกระบวนการผลิตด้วยวิธี Extruded จึงสะอาดปลอดภัย\r\n\r\nเสริมวิตามินซี\r\n\r\nช่วยเรื่องสุขภาพฟันเป็นพิเศษ\r\n\r\nAll in One หนูจะไม่เลือกกิน จึงได้สารอาหารครบถ้วน\r\n\r\nสารสกัดจากชาเขียว ต่อต้านอนุมูลอิสระ\r\n\r\nขนาด 250 กรัม สำหรับหนู 1 ตัว กินได้ 8 วัน \r\n\r\nผลิตจากประเทศฮอลแลนด์ มาตรฐาน GMP', 180, 9, NULL, 'bb36d1ecb77c6c0c160d450f4a22a59b.jfif'),
(45, 5, 8, 'Puur Pauze Gourmet Snack 700g ขนมและอาหารว่างสำหรับกระต่าย หนูแฮมสเตอร์ ชินชิล่า แกสบี้', 'Puur pauze Gourmet Snack 700 กรัม\r\nขนมและอาหารว่าง \r\nสำหรับกระต่าย หนูแฮมสเตอร์ ชินชิล่า แกสบี้\r\nรสชาติอร่อย มีความหลากหลาย\r\nรวมวัตถุดิบจากธรรมชาติที่คัดสรรมาอย่างดี \r\n     มากกว่า 20 ชนิด\r\nส่วนผสมหลัก \r\n     ธัญพืช ข้าวโพดคั่ว ผัก แตงกวา พริกไทย ดาวเรือง    \r\n     ผักชีฝรั่ง\r\nลดความน่าเบื่อ ให้มื้ออาหารน่าตื่นเต้นขึ้น\r\nไม่เติมแต่ง สารแต่งสี และสารกันบูด\r\n\r\nส่วนผสม\r\ngrains (3% popcorn maize), vegetables (2% cucumber slices, 0.5% pepper), derivatives of vegetable origin (3% marigold, 2% dill)', 150, 19, '2023-09-25', 'abe1367b8985cbb89cce5453abbf6ea6.jfif'),
(46, 7, 8, 'Cuni Adult Complete สำหรับกระต่ายโต', 'Cuni Adult Complete อาหารสำหรับกระต่าย เพื่อสุขภาพที่ดี ด้วยรสชาติที่ชื่นชอบและคัดสรรแต่วัตถุดิบจากธรรมชาติย่อยและดูดซึมได้ง่าย 100%\r\nอุดมไปด้วยเส้นใยไฟเบอร์ชนิดยาว อาทิเช่น หญ้าทิโมธี อาหารที่เหมาะสำหรับกระต่ายโต\r\nอุดมไปด้วย วิตามิน แร่ธาตุ กรดอะมิโน, สารต่อต้านการเกิดอนุมูลอิสระ,พรีโปรไบโอติคส์, โอเมก้า 3 โอเมก้า 6 และอื่นๆอีกมาก', 180, 8, NULL, 'bb36d1ecb77c6c0c160d450f4a22a59b.jfif'),
(47, 7, 8, 'Versele Laga Nature Cuni เนเจอร์คูนิ อาหารกระต่ายโต', 'อาหารกระต่ายโต เนเจอร์คูนิ Versele-Laga Nature Cuni (Adult Rabbit Food)\r\n\r\nอาหารกระต่ายโต ที่คล้ายกับอาหารในธรรมชาติที่สุด กินง่าย ดีต่อสุขภาพ \r\n\r\nไฟเบอร์สูงจากหญ้าธรรมชาติเหมาะสำหรับกระต่าย \r\n\r\nGrain-Free ย่อยง่าย ไร้แป้ง \r\n\r\nเพิ่มผักสดผลไม้ และสมุนไพรนานาชนิด ที่อุดมด้วยวิตามินและแร่ธาตุ \r\n\r\nขนาดพอเหมาะ กรุบกรอบกำลังดี เสริมทักษะการเคี้ยว ช่วยขัดเหลาฟัน\r\n\r\n*ขนาดไซต์กระสอบ ปรับสูตรใหม่ และปรับปริมาณเป็น 9kg (ช่วงโปรโมชั่น แถมฟรี 1kg)\r\n\r\n\r\nส่วนประกอบสำคัญ \r\n\r\nทิโมธี หญ้าหลากหลายและสมุนไพรนานาชนิด ผักสดและผลไม้ อาทิ แครอท กรีนพี พาร์สนิพ หญ้ายัคคาช่วยลดกลิ่นมูล\r\n\r\n\r\nการให้อาหาร \r\n\r\nปริมาณการให้อาหารเนเจอร์ คูนิ เหมาะสมต่อวัย สายพันธุ์ และน้ำหนักตัว ประมาณ 50-100 กรัมต่อวัน ให้ควบคู่กับหญ้าทิโมธี น้ำดื่มสะอาด และให้ขนมเพิ่มความสุขให้กับกระต่าย', 200, 10, NULL, 'd9938038900f8b02eb7320486779563c.jfif'),
(48, 7, 8, 'Little One feed for Rabbits อาหารกระต่าย', 'Little One feed for Rabbits\r\n\r\nอาหารกระต่าย Little One มีส่วนผสมของหญ้าอัดเม็ด พืชและผักอบแห้งไฟเบอร์สูงหลากชนิด และผลคารอบ (Carob) ที่ช่วยเรื่องของระบบย่อย เสริมวิตามินและแร่ธาตุเพิ่มเติมให้สารอาหารครบถ้วน\r\n\r\n ผลิตจากวัตถุดิบจากธรรมชาติ 100% (Natural Ingredient) \r\n เสริมแร่ซิงค์และไบโอติน (Zinc and Biotin) เพื่อช่วยบำรุงสุขภาพขนและผิวหนังของกระต่าย \r\n มีส่วนผสมของวิตามินและแร่ธาตุสำคัญเพื่อสวัสดิภาพสูงสุดของกระต่าย \r\n มีสารสกัดจากต้นยัคค่า (Yucca Extract) ช่วยลดกลิ่นไม่พึงประสงค์ในมูลกระต่าย และช่วยให้ขับถ่ายเป็นก้อน \r\n มีส่วนผสมของฟรุกโตโอลิโกแซ็กคาไรด์ (FOS) ที่เป็นพรีไบโอติกส์ธรรมชาติ (Natural Prebiotics) สำหรับช่วยเรืองระบบย่อยอาหารและการขับถ่าย', 190, 9, NULL, 'Little One feedRb_01.jpg'),
(49, 7, 8, 'สมาร์ทฮาร์ท กระต่าย - กลิ่นไวล์ดเบอร์รี่', 'คิดค้นและพัฒนาขึ้นสำหรับกระต่ายโดยเฉพาะ เหมาะสำหรับกระต่ายตั้งแต่หย่านมไปจนถึงกระต่ายโตเต็มวัย พ่อพันธุ์ และแม่พันธุ์ มีคุณค่าทางโภชนาการที่สมบูรณ์แบบ อุดมไปด้วยวิตามิน แร่ธาตุ และสารอาหารที่ครบถ้วนและสมดุลตามหลักโภชนาการที่กระต่ายต้องการ และสนองตอบความต้องการของผู้เลี้ยงที่จะให้กระต่ายได้รับสารอาหารที่สมบูรณ์แบบ เพื่อพัฒนาการทางการเจริญเติบโตที่ดี สุขภาพแข็งแรง ควบคู่ไปกับความเงางามของขนที่สวยและเนียนนุ่ม\r\n\r\n* หญ้าทิโมธี และอัลฟัลฟ่า เป็นแหล่งของเยื่อใยคุณภาพดี ช่วยในระบบการย่อยอาหาร\r\n* ไบโอทิน ช่วยให้สุขภาพผิวดี ขนมันเงางามอย่างเป็นธรรมชาติ\r\n* เบต้าแคโรทีน เพิ่มชีวิตชีวาและชะลอการเสื่อมของเซลล์ * วิตามิน ซี เสริมภูมิคุ้มกันและลดความเครียด\r\n* วิตามิน เอ ช่วยให้ระบบการมองชัดเจน\r\n* วิตามิน บี1 บี2 บำรุงระบบประสาทและให้ความสดชื่น สดใสอยู่เสมอ\r\n* วิตามิน บี6 เสริมสร้างความแข็งแรงและช่วยให้มีสุขภาพที่ดี\r\n* วิตามิน ดี ช่วยในการพัฒนากระดูกและฟันแข็งแรง\r\n* วิตามิน อี ช่วยในระบบสืบพันธุ์\r\n* วิตามิน เค ส่งเสริมการสังเคราะห์โปรตีนในเลือดและการแข็งตัวของเลือด', 120, 7, NULL, '1.webp'),
(50, 8, 8, 'อาหารปลาหางนกยูง Hikari Fancy Guppy ชนิดเม็ดกึ่งลอยน้ำ', 'อาหารปลาหางนกยูง  Hikari Fancy Guppy ชนิดเม็ดกึ่งลอยน้ำ 22g.\r\n\r\nอาหารชนิดกี่งลอยน้ำ (Semi-Floating Type) สูตรสารอาหาร ครบถ้วน มีกรดไลโนเลอิคเสริมสร้างการเจริญเติบโต ช่วยให้สีสันสวยงาม และความพร้อมในการสืบพันธุ์ยิ่งไปกว่านั้นยังมีโคโตซานสารสกัด จากครัสตาเซียนและอนุพันธุ์ ธาตุ ไอโอดีน ที่สกัดจากสาหร่ายทะเล ช่วยให้ปลามีสุขภาพดีเยี่ยม เหมาะกับปลาหางนกยูงและปลาในเขตร้อนชื้นขนาดเล็ก\r\n\r\n\r\nวิธีใช้ : โปรยลงในตู้ปลาทีละน้อย ให้ปลากินให้หมดภายใน 3-5 นาที', 85, 9, NULL, '6e79f901ac078ad06bb66c2ed6fe1cd8.jfif'),
(51, 8, 8, 'Optimum Hi pro อาหารปลาคาร์ฟ สูตรเร่งโต เร่งสี ', 'อาหารปลาคาร์ฟ Optimum Hi pro 1.5kg\r\n\r\nอาหารปลาคาร์ฟ ออพติมั่ม ไฮ โปร (Optimum Hi Pro) อาหารปลาคาร์ฟ สูตรพิเศษ ที่ดีที่สุด Specialist\'s Koi food คิดค้นวิจัยและพัฒนาสำหรับอาหารปลาคาร์ฟโดยเฉพาะ จึงเหมาะสำหรับปลาคาร์ฟทุกสายพันธุ์\r\n\r\nอาหารปลาคาร์ฟ (Optimum Hi Pro Growth & Color) ออพติมั่ม ไฮโปร สูตรเร่งโต และเร่งสีของปลาคาร์ฟ ด้วยส่วนผสมด้วยสาหร่ายสไปรูลิน่า 6% (Spirulina 6%) เสริมคุณค่าด้วยสารเร่งสี \"แอสต้าแซนธิน\" (Astaxanthin) ช่วยให้ปลามีสีเข้มขึ้น มีสีสันสวยงามขึ้น อาหารปลาคาร์ฟ ออพติมั่ม ไฮโปร สูตรเร่งโต เร่งสี (Optimum Hi Pro Growth & Color) นี้จึงเหมาะสำหรับปลาคาร์ฟทุกวัย ให้ได้ทั้งปลาคาร์ฟขนาดเล็ก ขนาดกลางและขนาดใหญ่ และปลาคาร์ฟทุกสายพันธุ์ที่ ต้องการเร่งโต และ เร่งสีปลาคาร์ฟ ให้มีสีเข้มสดใสสวยงามมากขึ้นอย่างเป็นธรรมชาติ', 220, 8, NULL, 'b80fc5af2b47d99eb9e7472b2075de1d.jfif'),
(52, 8, 8, 'Optimum ออพติมั่ม อาหารปลาคลาสสิค เม็ดจิ๋ว', 'Optimum ออพติมั่ม อาหารปลาคลาสสิค เม็ดจิ๋ว 1กก.\r\n\r\n\r\n\r\n- เป็นอาหารปลาที่เหมาะสำหรับเลี้ยงปลาตู้สวยงามทุกชนิด  เช่น  ปลาทอง ปลาคาร์ฟ ปลากระดี่ ปลาสอด ปลาเทวดา ปลาหมอสี ปลาเซลฟิน ปลากัด เป็นต้น\r\n\r\n- สีสวยด้วยสารเร่งสี  แอสทาแซนธิน (Astaxanthin)\r\n\r\n- อุดมไปด้วยวิตามินซีและวิตามินอี ช่วยในการลดความเครียด  ช่วยเพิ่มภูมิคุ้มกันที่ทำให้ปลาสามารถต่อต้านเชื้อโรคที่จะเข้าสู่ร่างกาย\r\n\r\n- มีส่วนประกอบทางโภชนาการที่สมดุลกับปลา\r\n\r\n- ใช้แล้วน้ำไม่ขุ่น\r\n\r\n', 179, 9, NULL, 'b22b29b065b29458642e1f099d7b0e29.jfif'),
(53, 8, 8, 'อาหารกุ้ง King Fish เม็ดจม', 'อาหารกุ้งและปลาก้นตู้ King Fish  เม็ดจม เม็ดเล็ก ขนาด 60g\r\nอาหารกุ้ง King Fish Shrimp&Bottom Feed 60g\r\nอาหารคุณภาพสูง เร่งสี เร่งโต\r\nโปรตีนสูงถึง 45%\r\nอาหารสำหรับกุ้งและปลาพื้นตู้ทุกชนิด ช่วยพัฒนาการเจริญเติบโต ลักษณะเม็ดเล็กจมน้ำ ให้ปลาพื้นตู้ และกุ้งกินได้ง่าย ไม่ทำให้น้ำขุ่น', 59, 10, NULL, 'c5a3ba3bb9b059ac21727e0708051651.jfif'),
(54, 6, 8, 'Versele-Laga Prestige Premium Exotic Nut 750g.(Bird) เพรสทีจ อาหารนก สูตรเอ็กโซติคนัท ถั่วรวม 750กรัม', 'ขนมแสนอร่อยสำหรับนก อุดมไปด้วยถั่วใหม่สดหอมมันจากธรรมชาติหลากหลายชนิด\r\n\r\nอัลมอนด์ วอลนัท และพีแคน ผสมผสานด้วยธัญพืชนานาชนิด\r\n\r\nให้รสชาติกรุบกรอบ เข้มข้นหวานมันอร่อย ถูกใจนก\r\n\r\nให้นกกินเป็นอาหารก็ได้ ขนมก็ดี อิ่มอร่อยทุกที่ทุกเวลา ควรให้อาหารธัญพืชเสริมเพื่อสุขภาพแข็งแรง ', 315, 7, NULL, '6cd82f337fcdf583d588634adab73b48.jfif'),
(55, 6, 8, 'Nutribird B14 (โฉมใหม่)อาหารนก อาหารนกแก้ว อาหารนกกรงหัวจุก สำหรับนกเล็ก', 'Nutribird B14 (โฉมใหม่)แบ่งจำหน่าย ขนาด 100กรัม ', 50, 10, NULL, 'be475acd9df0f60800d75f7809ba6acc.jfif'),
(56, 6, 8, 'Smartheart อาหารนกขุนทอง นกเอี้ยง สูตรร้องไว บำรุงสมอง สุขภาพแข็งแรง', 'Smartheart อาหารนกขุนทอง นกเอี้ยง สูตรร้องไว บำรุงสมอง สุขภาพแข็งแรง อาหารนกกขุนทอง นกเอี้ยง สมาร์ทฮาร์ท® สูตรร้องไว บำรุงสมอง เป็นสูตรอาหารสำหรับนกขุนทอง นกเอี้ยง นกดุเหว่า นกกาเหว่า นกสาริกาดง นกซอฮู้ นกเขียวก้านตอง นกกินเปรี้ยวและนกกินเนื้อโดยเฉพาะ โดยคิดค้นและพัฒนาขึ้นจาก กระบวนการคัดสรรคุณภาพด้วยความพิถีพิถันจากแหล่งวัตถุดิบชั้นเลิศ เพื่อให้นกมีสุขภาพที่ดี ได้รับการบำรุงและดูแล ด้วยอาหารสูตรพิเศษจากธรรมชาตินานาชนิดที่เหมาะสมและมากด้วยคุณค่าสารอาหารต่างๆที่ครบถ้วน ประกอบไปด้วย พริก ขิง สมุนไพรฟ้าทะลายโจร ไข่ผง ผลไม้นานาชนิด (มะละกอ สับปะรด แอปเปิล กล้วย ส้ม มะเขือเทศ) กรดอะมิโนที่ จำเป็น กรดไขมันโอเมก้า 3 วิตามินและแร่ธาตุอินทรีย์ที่สำคัญอย่างครบถ้วนและสมดุล เหมาะกับกลุ่มนกชนิดดังกล่าว เป็นอย่างยิ่ง นอกจากนี้ยังช่วยให้นกมีสุขภาพที่แข็งแรง ขนสวยเงางามพร้อมกับพัฒนาการที่สมบูรณ์ของนก ซึ่งสามารถ ตอบสนองต่อความต้องการของผู้เลี้ยงได้เป็นอย่างดี  ', 49, 8, NULL, '40e4ea77b3f08a19ac2840b1b180b4ec.jfif'),
(57, 6, 8, 'Buddy บัดดี้ อาหารธัญพืชสำหรับนกค็อกคาเทล นกเลิฟเบิร์ด และนกแก้ว', 'Buddy บัดดี้ อาหารธัญพืชสำเร็จรูปสำหรับนกค็อกคาเทล นกเลิฟเบิร์ด และนกแก้ว ขนาด 1.5 ปอนด์\r\n\r\nอาหารนกบัดดี้ ประกอบด้วยเมล็ดพืชต่างๆหลากหลายชนิด\r\nคัดสรรจากธรรมชาติ ใหม่ สด สะอาด อุดมด้วยคุณค่าทางอาหาร\r\nจัดสรรด้วยอัตราส่วนที่เหมาะสมกับสายพันธุ์ ช่วยให้มีสุขภาพที่สมบูรณ์ \r\nแข็งแรง สีสันสวย สดใส มีภูมิต้านทางโรคสูง', 250, 9, NULL, 'c8509734d977424aa916a5364f50a1b5.jfif'),
(58, 3, 11, 'Antinol DOG 60 แคปซูล อาหารเสริมบำรุงข้อ ข้ออักเสบ', 'สารประกอบที่สำคัญใน ได้แก่ \r\n1. PCSO-524® เป็นกรดไขมันจำเป็นที่มีคุณประโยชน์มากกว่ากรดไขมันไม่อิ่มตัว ชนิดโอเมก้า 3 โดย PCSO-524® เป็นสารที่มีเอกลักษณ์เฉพาะที่ได้รับรองสิทธิบัตรของสารอินทรีย์จำพวกไขมัน 6 ประเภท ซึ่งมีสาร Sterol จากทะเล 10 ชนิด และกรดไขมันที่จำเป็นมากกว่า 90 ชนิด \r\n2. น้ำมันมะกอก (Olive oil) เป็นกรดไขมันไม่อิ่มตัวที่มีพันธะคู่ 1 ตำแหน่ง (mono-unsaturated fatty acid) โดยมีการเติมเข้าไปเพื่อพา PCSO-524® ไม่ยังลำไส้เล็กส่วนต้น (duodenum) ซึ่งเป็นส่วนที่มีการดูดซึม PCSO-524® มากที่สุดในร่างกาย โดยไม่ถูกทำลายจากกรดในกระเพาะอาหาร\r\n 3. วิตามินอี ธรรมชาติ (Tocopheral) จะพบได้จากการสกัดน้ำมันหอยแมลงภู่นิวซีแลนด์ ซึ่งทำหน้าที่ในการต้านอนุมูลอิสระที่เกิดจากกระบวนการออกซิเดชั่นของกรดไขมัน', 520, 8, NULL, 'th-11134207-7r98p-llechby9hqri40.jfif'),
(59, 3, 11, 'PetNC Hip & Joint Level 4 บำรุงข้อสำหรับสุนัข รสตับ', 'ประกอบไปด้วย\r\nGlucosamine Hydrochloride (HCl): 600 mg (ช่วยส่งเสริมโครงสร้างกระดูกอ่อน เพิ่มความแข็งแรงให้กระดูกอ่อนและข้อ ลดอาการเจ็บปวดจากข้ออักเสบ ข้อเสื่อม),Sodium Chondroitin Sulfate: 300 mg (ช่วยลดอาการเจ็บข้อ และชะลออาการแคบลงของช่องระหว่างข้อ),Methylsulfonylmethane (MSM): 250 mg (ลดอาการอักเสบ เสริมสร้างกระดูกอ่อนและเส้นเอ็น),Manganese: 5 mg', 1200, 9, NULL, 'dc49eb6fc6c5dc555154ea27154be2c1.jfif'),
(60, 1, 11, 'VetriScience - Vetri Lysine Plus Immune Support For Cats อาหารเสริมภูมิต้านทานสำหรับแมว', 'VetriScience - Vetri Lysine Plus for cats 120 ชิ้น\r\n\r\nช่วยเสริมระบบภูมิต้านทานให้น้องแมวเพื่อดวงตาและระบบหายใจและสุขภาพโดยรวม\r\nL-Lysine ป้องกันปัญหาของระบหายใจส่วนบน โดยกระตุ้นให้ร่างกายสร้างแอนติบอดี้ เอมไซม์และฮอร์โมนที่จำเป็นและยังช่วยสร้างคอลลาเจนและเนื้อเยื่อต่างๆเพื่อให้เจริญเติบโตอย่างแข็งแรง\r\n\r\nเหมาะสำหรับน้องแมวที่\r\nมีปัญหาระบบการหายใจส่วนบน เช่น จาม ไอ และมีน้ำตา\r\nน้องแมวที่เครียดจากการเดินทางหรือเปลี่ยนสิ่งแวดล้อมซึ่งจะนำไปสู่ปัญหาระบหายใจต่อไป', 740, 9, NULL, '732fc230648a39a549ff276f7521199d.jfif'),
(61, 3, 11, 'Arthrimaxx for Dog อาร์ทริแมก สุนัข อาหารเสริมน้ำมันหอยแมลงภู่นิวซีแลนด์ Omega-3 บำรุงข้อ', 'อาร์ทริแมก อาหารเสริมสำหรับสุนัขที่มีปัญหาโรคข้อกระดูก ช่วยให้สุนัขที่อายุมากไม่ค่อยลุกเดิน ให้กลับมาร่าเริงอีกครั้ง ช่วยป้องกันการเกิดโรค บรรเทาอาการอักเสบ ลดความเจ็บปวด และช่วยในเรื่องของการต่อต้านอนุมูลอิสระที่เกิดขึ้นภายในร่างกาย ', 1200, 8, NULL, '8c0351cd524a2f7666516e88a260a821.jfif'),
(62, 1, 11, 'Arthrimaxx for Cat อาร์ทริแมก แมว อาหารเสริมน้ำมันหอยแมลงภู่นิวซีแลนด์ Omega-3 บำรุงข้อ', 'อาร์ทริแมก อาหารเสริมสำหรับแมวที่มีปัญหาโรคข้อกระดูก ช่วยให้สุนัขที่อายุมากไม่ค่อยลุกเดิน ให้กลับมาร่าเริงอีกครั้ง ช่วยป้องกันการเกิดโรค บรรเทาอาการอักเสบ ลดความเจ็บปวด และช่วยในเรื่องของการต่อต้านอนุมูลอิสระที่เกิดขึ้นภายในร่างกาย ', 1200, 9, NULL, 'cdfeef5f7597779a51454da33b3091d2.jfif'),
(63, 1, 11, 'cystaid plus อาหารเสริมสำหรับแมวมีปัญหากระเพาะปัสสาวะอักเสบ', 'เสริมความแข็งแรงของกระเพาะปัสสาวะ \r\nใช้ร่วมกับการรักษาโรคกระเพาะปัสสาวะอักเสบ นิ่ว  ในแมว\r\nโปรแกรมเริ่มต้น\r\n\r\nให้กินวันละ 1 แคปซููล เช้าและ เย็น \r\nติดต่อกัน 3-4 อาทิตย์', 500, 10, NULL, 'th-11134207-7qukw-letxk0c8d1ppdd.jfif'),
(64, 1, 11, 'Felovet gel อาหารเสริมวิตามินแมว ชนิดเจล บำรุงร่างกาย เสริมภูมิคุ้มกัน', 'Felovet Gel อาหารเสริมวิตามินบำรุงร่างกายสำหรับแมว ขนาด 50 กรัม\r\nอาหารเสริมวิตามินบำรุงร่างกายสำหรับแมวกลิ่นปลา\r\n\r\nอาหารเสริมวิตามิน บำรุงสุขภาพแมว เสริมภูมิ\r\n- ให้สุขภาพแข็งแรง\r\n- ฟื้นฟูร่างกาย บำรุงสัตว์ป่วย\r\n- กระตุ้นให้อยากอาหาร\r\n- กลิ่นปลา กินง่าย ที่แมวชอบ  ', 200, 8, NULL, 'ba4b19e486a862e22944c9537c491941.jfif'),
(65, 3, 12, 'Kai Oatmeal Shampoo แชมพูเพื่อผิวหนัง ลดอาการคัน โดยเฉพาะ เหมาะสำหรับสัตว์เลี้ยงที่แพ้ง่าย', 'Kai Oatmeal Shampoo ขนาด 250 มล.\r\n\r\nแชมพูเพื่อผิวหนัง โดยเฉพาะ\r\n\r\n\"ไค\" ผลิตภัณฑ์สำหรับสุนัขและแมว #สูตรสาหร่ายสไปรูลิน่า\r\n#ผู้ผลิต ได้ร่วมมือกับ #สัตวแพทย์ คิดค้นสูตรแชมพูที่\r\nอ่อนโยน แต่เต็มไปด้วยสารบำรุงจากธรรมชาติ\r\nโดยนำสาหร่าย สไปรูลิน่ามาใช้เป็นส่วนประกอบหลัก\r\n\r\nเหมาะสำหรับสัตว์เลี้ยงที่แพ้ง่าย \r\nมีเมนทอลช่วยให้เย็นสบาย \r\nอุดมไปด้วยสารสกัดจากสาหร่ายสไปรูลินา ช่วยเสริมสร้างความแข็งแรง และช่วยเร่งการงอกของเส้นขน \r\nสารสกัดจากโอ๊ตมิล อโลเวรา เมนทอล และน้ำมันดอกลาเวนเดอร์ สาหร่าย      \r\nบำรุงขนที่มีอยู่แล้วให้แข็งแรง เงางาม \r\nช่วยลดรังแค ป้องกันการเกิดเชื้อราบนผิวหนัง \r\nมีกลิ่นหอมอ่อนๆ  \r\nปราศจากสารกันเสีย Paraben และ สาร Phthalates ที่เป็นอันตรายต่อสุขภาพ', 250, 8, NULL, '9c2aa926d209b061cb7c583aa14df3a6.jfif'),
(66, 3, 12, 'แชมพูสุนัข ออร์แกนิค อ่อนโยน Dog Shampoo Anti Hairfall and Deep Cleansing สูตรบำรุงขนสวย', 'ชมพูออร์แกนิคอ่อนโยนสำหรับสุนัข สูตรบำรุงขนสวย ขวดใหญ่สุดคุ้ม 500ml\r\n\r\nอุดมด้วยสารสกัด เช่น เพียวไบโอติน และคอปเปอร์ เปปไทด์ ทำความสะอาดล้ำลึก ลดอาการขนร่วง บำรุงรากขนให้แข็งแรง ฟื้นฟูบำรุงให้ขนเงางาม', 690, 7, NULL, '97ee2e54500f6ea5f32bccdfe368212e.jfif'),
(67, 1, 12, 'แชมพูแมว ออร์แกนิค อ่อนโยน CAT Shampoo : สูตรขจัดกลิ่นและฆ่าเชื้อแบคทีเรีย', 'แชมพูออร์แกนิคอ่อนโยนสำหรับแมว สูตรขจัดกลิ่นและฆ่าเชื้อแบคทีเรีย ขวดใหญ่สุดคุ้ม 500ml\r\nอุดมด้วยสารสกัด เช่น ไบโอซอล และคอปเปอร์ เปปไทด์ ช่วยบำรุงขน ลดกลิ่น ช่วยให้แมวสบายตัว ช่วยลดแบคทีเรียจากน้ำลายแมว ที่ติดอยู่ตามขนแมวที่เกิดจากการเลียขน ด้วยเทคโนโลยีจากญี่ปุ่น', 690, 9, NULL, '1d196a60850219d3424d44bfa1127993.jfif'),
(68, 1, 12, 'สเปรย์บำรุงขน สำหรับแมว ออร์แกนิค อ่อนโยน CAT Hair Care :สูตรบำรุงขนนุ่มไม่พันกัน', 'สเปรย์ออร์แกนิคอ่อนโยนสำหรับแมว สูตรบำรุงขนนุ่มไม่พันกัน อยู่รวมในชุดแคทนิป ขวดใหญ่สุดคุ้ม 250ml\r\nอุดมด้วยสารสกัดบำรุง เช่น โอเมก้า 3 และไบโอติน ทรีตเม้นต์สเปรย์กลิ่นหอม ช่วยบำรุงขนนุ่มสวยไม่พันกัน พร้อมบำรุงได้ทุกวัน ', 590, 10, NULL, 'b2e3a208c000d418ac532ee1eb3cdfc8.jfif'),
(69, 3, 12, 'สเปรย์บำรุงขน สำหรับสุนัข ออร์แกนิค อ่อนโยน Dog Hair Care :สูตรบำรุงขนนุ่มไม่พันกัน Hubpy Organic', 'สเปรย์ออร์แกนิคอ่อนโยนสำหรับสุนัข สูตรบำรุงขนนุ่มไม่พันกัน อยู่รวมในชุดบรรเทาคัน ขวดใหญ่สุดคุ้ม 250ml\r\nอุดมด้วยสารสกัดธรรมชาติ เช่น โอ๊ตมีล และไบโอติน ทรีตเม้นต์สเปรย์กลิ่นหอม ช่วยบำรุงขนนุ่มสวยไม่พันกัน พร้อมบำรุงได้ทุกวัน ', 590, 3, NULL, '09f74c4b7cff4a3b6b3caf43520e7f4b.jfif'),
(70, 3, 12, 'แชมพูหมา ดับกลิ่นตัวแรงหมา กลิ่นสาบหมา หยุดอาการคัน ขนร่วง สูตรสับปะรด', 'แชมพูอาบน้ำสูตรสัปปะรด สำหรับสุนัขที่มีกลิ่นตัวแรง จากฮอร์โมนและการสะสมของเชื้อโรคที่ทำให้เกิดกลิ่นตัว ผลิตจากสารไซเดอร์วินิการ์จากสัปปะรดสามารถควบคุมกลิ่นไม่พึงประสงค์จากกลิ่นตัวสุนัข ขนลื่น เงางามด้วยวิตามินจากกรดผลไม้ (AHA)\r\nคุณสมบัติพิเศษ:\r\n-ลดกลิ่นตัวแรง กลิ่นเหม็น กลิ่นสาป สัมผัสได้ตั้งแต่ครั้งแรกที่ใช้\r\n-ขนนุ่มไม่พันกัน แปรงขนง่าย มีกลิ่นหอมอ่อนๆจากธรรมชาติ\r\n-ขนหลุดร่วงน้อยลง และลดกลิ่นอับ\r\n-ยับยั้งการเจริญเติบโตของเชื้อแบคทีเรีย ต้นเหตุของโรคผิวหนัง\r\n-ลดการอักเสบของผิวหนัง อันเนื่องมาจากแพ้สารเคมีในแชมพูเคมี\r\n-เข้าหูเข้าตาได้ เลียได้กินได้ ปลอดภัย \r\n-ไม่แสบผิว ไม่ระคายเคืองผิว \r\n-สินค้าออแกนิค ไม่แต่งสี ไม่แต่งกลิ่น\r\n-มีปริมาณฟองปกติ ล้างออกง่ายแค่ 2 น้ำล้าง', 250, 7, NULL, '26ee6adbd79ccb3741733f1b40ca55a2.jfif'),
(71, 1, 12, 'แชมพูแมว แก้คัน ขนร่วง บำรุงขน ขนนุ่มสวยเงางาม', 'ชมพูแมว แก้คัน ขนร่วง บำรุงขน ขนนุ่มสวยเงางาม ไม่เป็นอันตราย ไม่แพ้ เลียได้กินได้เข้าตาได้ปลอดภัย ไร้สารเคมี\r\n\r\nวิธีใช้แชมพูให้ได้ประสิทธิภาพสูงสุด\r\n1.บีบแชมพู 15 หยด ผสมน้ำเปล่า 700 ml (ขวดน้ำเล็ก)\r\n2.เขย่าให้เกิดฟอง เทแชมพูตั้งแต่หัวถึงหาง\r\n3.นวดชโลมให้ทั่วตัว 5 - 10 นาที\r\n4.ล้างน้ำ เช็ดตัว เป่าขน ให้แห้ง  ห้ามให้แห้งเองโดยธรรมชาติ เพราะจะทำให้เกิดความอับชื้น\r\n\r\nส่วนประกอบแชมพูแมว Orga สูตรมังคุด มะพร้าว\r\nประคำดีควาย สารให้ฟอง กำจัดเชื้อราแบคทีเรียไวรัส\r\nมังคุด รักษาผิวหนังอักเสบฟื้นฟูผิวหนังแข็งแรง\r\nสับปะรด ย่อยสลายไขมัน บำรุ่งผิวหนัง\r\nเมล็ดน้อยหน่า กำจัดเห็บหมัด\r\nน้ำมันมะพร้าว บำรุ่งผิวหนังบำรุงเส้นขนนุ่มเงางาม\r\nทุกหยด สกัดจากธรรมชาติ (NO SLS) \r\n\r\n\r\nสรรพคุณเพิ่มเติม\r\n‼️ หยุดอาการคัน ผื่นแดง ขนร่วง รักษาผิวหนังอักเสบ รักษาขี้กาก ขี้เรื้อน \r\n‼️สลายไขมัน กำจัดกลิ่นตัวแรง กลิ่นสาบ กลิ่นหมา\r\n‼️บำรุงผิวหนังชุ่มชื่น บำรุ่งเส้นขนเงางามมีน้ำหนักไม่แห้ง\r\n‼️กำจัดเห็บหมัด \r\n', 250, 9, NULL, '167e18c2cd3784f23b5f63da630e27bf.jfif'),
(72, 1, 12, 'Gager (กาเจอร์) แชมพูอาบน้ำแมว แชมพูแมว บำรุงขนนุ่ม กลิ่นหอม สกัดจากน้ำนมข้าวออแกนิก อ่อนโยน เกรดพรีเมี่ยม', '- สูตรบำรุงขน นิ่ม ฟู สลวย \r\n\r\n- กลิ่นหอมน้ำนมข้าว\r\n\r\n- สกัดจากว่านหางจระเข้ ใยไหม เคราติน และน้ำนมข้าวออแกนิก\r\n\r\n- ทำความสะอาดอย่างล้ำลึกถึงรูขุมขนยันปลายจนทุกเส้น\r\n\r\n- เกรดพรีเมี่ยม เข้มข้น- ส่วนผสมน้ำเข้าจากเยอรมัน\r\n\r\n- ช่วยลดขนล่วง ช่วยฟื้นฟูผิวให้กลับมาแข็งแรง\r\n\r\n- สำหรับผิวแพ้ง่ายและธรรมดา- บรรเทาอากาารแพ้ อาการคัน \r\n\r\n- ทำให้ไม่ต้องอาบน้ำบ่อย- แชมพู 1 ส่วน = น้ำสะอาด 5 ส่วน\r\n\r\n- ใช้ได้กับแมวเด็กและแมวโต ทุกสายพันธ์ุ\r\n\r\n- สกัดจากธรรมชาติ เคราติน ใยไหม ว่านหางจระเข้ และน้ำนมข้าวออแกนิค\r\n\r\n\r\n\r\nสุดยอดแชมพูอาบน้ำคุณภาพที่นำเข้าจากเยอรมัน ให้ขนนุ่มฟูน่ากอด  กำจัดกลิ่นสาบกลิ่นตัวแมว  ล้างชำระคราบสกปรกล้ำลึกถึงรูขุมขน ไม่ต้องอาบน้ำบ่อยเหมือนที่เคย ด้วยสูตรพิเศษจากสัตวแพทย์แตกต่างจากท้องตลาดทั่วๆไป', 240, 8, NULL, '19397c83aa2ff2bbb3a6b7bec959968e.jfif'),
(73, 1, 10, 'Kittenbox บ้านแมว คอนโดแมว 3 ชั้น มีหลังคา Mansion Series', 'บ้านแมว 3 ชั้น มีหลังคา Kittenbox Mansion Series\r\nบ้านแมว แนวใหม่ ที่ได้แนวคิดและการออกแบบมาจากการศึกษาพฤติกรรมของแมว\r\nมีรูปร่างเป็นทรงสูงให้มีที่ปีนป่าย ขดตัว นอนเล่น เป็นพื้นที่ส่วนตัวของแมวที่คุณรัก\r\nKittenbox เป็นบ้านแมว ทำมาจาก Hard Cardboard\r\nทนทานและทนความร้อน\r\nมีน้ำหนักเบาง่ายต่อการประกอบ\r\nมีน็อตพลาสติกสำหรับยึดวัสดุเพื่อความแข็งแรง\r\nสามารถรับน้ำหนักได้ 10 กิโลกรัมในแต่ละชั้น\r\nเพิ่มดีไซน์ให้กลิ่นอายของยุโรป \r\nสามารถใช้เป็นเฟอร์นิเจอร์เพื่อให้เจ้าของและแมวใช้ร่วมกันได้อย่างลงตัว\r\n\r\nMansion Series เป็นลักษณะบ้าน คอนโดทรงสูงมี 3 ชั้น โดยชั้นที่ 3 เป็นห้องใต้หลังคามีโดมทรงกลมใส\r\nภายในมีช่องสำหรับปีนป่ายในแต่ละชั้น\r\n\r\nมีสามสีให้เลือกเพื่อให้เข้ากับภายในบ้าน\r\nParis สีโทนแดง-ชมพู\r\nSantorini สีโทนฟ้า-น้ำเงิน\r\nAmsterdam สีโทนเทา-น้ำเงิน', 2950, 3, NULL, 'af379fe7c0b3c85d12bf26c87720b020.jfif'),
(74, 1, 9, 'คอนโดแมว รางบอลไม้ 2 ชั้น เสาไม้ฝนเล็บแมว ที่ลับเล็บแมว และ ไม้ตบแมวขนนก ทาวเวอร์ 2 ชั้น แผ่นกระดานเกาแมว', 'รางบอลไม้ 2 ชั้น พร้อม เสาลับเล็บแมว (คอนโดแมว รางไม้ อุปกรณ์ขนไม้ตบแมว)\r\n\r\nประกอบด้วย  : \r\n1.ถาดรางบอล 2 ชั้น\r\n2.ขนไม้ตบ\r\n3.เสาลับเล็บ\r\n4.ลูกบอลแขวนด้านบน\r\n\r\nวัสดุ : ไม้อัด , เชือกป่าน , ก้านสปริงมีขนพู่\r\n\r\nคุณสมบัติ : \r\n- เส้นผ่านศูนย์กลาง 26 ซม. สูง 40 ซม.\r\n- ใช้เป็นของเล่นแมวให้ความเพลิดเพลิน\r\n- มีของเล่นหลากหลายครบฟังก์ชั่นภายในชิ้นเดียว\r\n- มีเสาลับเล็บสำหรับแมวในตัว ทำมาจากวัสดุเชือกป่านคุณภาำพดี รองรับเล็บของแมว\r\n- มีแผ่นยางกันลื่น ติดด้านล่างฐานของเล่น\r\n- ไม่เจ็บอุ้งเท้าแมว\r\n- ป้องกันไม่ให้น้องแมวฝนเล็บสิ่งของเฟอร์นิเจอร์ของท่าน\r\n- ถอดประกอบ ติดตั้งง่าย\r\n', 345, 5, NULL, 'sg-11134201-23010-obo6gcwj7ulv0a.jfif'),
(75, 1, 9, 'ที่ลับเล็บแมว ที่ฝนเล็บแมว ที่เกาเล็บแมว ที่ขูดเล็บแมว ที่ข่วนเล็บทรงเต่า cat scratcher ของเล่นแมว ที่ข่วนเล็บแมว', 'ที่ฝนเล็บแมวออกแบบทรงเต่า\r\nเชือกป่านศรนารายณ์อย่างดี ทนทานต่อการกัด\r\nสีสันสดใส เข้ากับบ้านได้\r\nตัวฐานทำจากไม้ MDF', 545, 0, NULL, 'e843e148e4876b719f1913c1045ca488.jfif'),
(76, 1, 9, 'ของเล่นสำหรับสัตว์เลี้ยง รางบอลแมว 4ชั้น (ลูกบอลสีเงิน) มีไม้ตกแมวลายการ์ตูน รางบอลใหญ่ (ครบชุด)', 'ของเล่นรางบอลแมว 4 ชั้น มาพร้อมไม้ตกแมวอยู่ข้างบนราง (สินค้าไม่เป็นอันตรายต่อสัตว์เลี้ยง)\r\nรางบอล มีลูกบอลให้สำหรับแมว 3 ลูก \r\nไม้ตกสามารถแยกชิ้นออกมาเล่นได้\r\nไม้ตกหมุนได้ 180 องศา\r\nช่วยส่งเสริมความแข็งแรง ฝึกพัฒนาการของสัตว์เลี้ยง\r\nเพิ่มความเพลิดเพลิน สนุกสนาน สำหรับน้องแมว\r\nของเล่นสามารถให้น้องแมวเล่นพร้อมกันหลายตัวได้\r\nเหมาะสำหรับแมวทุกเพศทุกวัย (ลูกแมวจะชอบเป็นพิเศษ)\r\nสามารถถอดและประกอบได้ง่าย\r\nวัสดุผลิตจาก : พลาสติกPP\r\nพลาสติกหนา แข็งแรง ทนทาน ไม่แตกหักง่าย', 320, 9, NULL, 'sg-11134201-22120-kslndc1laelvc7.jfif'),
(77, 1, 9, 'ไม้ตกแมว แบบมีไม้จับ คฑานางฟ้า มีกระดิ่ง ไม้ล่อแมว ไม้ตกพู่ขนนก ไม้ตกพู่ปอม ลายริบบิ้น ของเล่นสัตว์เลี้ยง', 'ไม้ตกแมวลายขนนกแบบที่จับเป็นพลาสติก ตัวล่อทำจากขนนก มีกระดิ่งเสียงเพราะ ก้านทำจากโลหะมีความยืดหยุ่น', 50, 8, NULL, 'th-11134207-23010-l5c4qehzffmv90.jfif'),
(78, 1, 13, 'ชามอาหารกันมด ชาม2หลุม ชามสัตว์เลี้ยง แมว แบบแสตนเลส หน้าแมว', 'ชามกันมดกันแมลงไต่เข้าไปในอาหารของสัตว์เลี้ยงแสนรักของท่าน\r\nชามมีลักษณะเป็น 2 หลุม ผลิตจากวัสดุมีคุณภาพ แข็งแรง ทนทาน\r\nสามารถใส่อาหารและน้ำได้ในถาดเดียว\r\nทำจากพลาสติดอย่างดี สีไม่หลอกไม่หลุด สีน่ารักมากๆ\r\nชามสเเตนเลส ล้างทำความสะอาดง่าย', 120, 8, NULL, 'd2ca1b1e21e95f54a137a4c8efa2d12b.jfif'),
(79, 1, 13, 'ชามให้อาหารแมว แบบเดี่ยว เอียง15องศา ป้องกันกระดูกสันหลัง', 'ออกแบบถูกต้องตามหลักสรีระของน้องโดยเฉพาะ：โดยเอียง 15 องศาช่วยป้องกันกระดูกสันหลังของสัตว์เลี้ยงได้อย่างมีประสิทธิภาพ\r\nใช้วัสดุพลาสติกน้ำหนักเบาไม่เป็นอันตรายและปลอดภัยในการวางอาหาร\r\nตัวชามใสทำจาก Polycarbonate สินค้าเป็นพลาสติกที่เหนียวมากๆ ทนทาน และมีสีใส ทำให้ดูคลีน และเห็นปริมาณอาหารที่เหลืออยู่อย่างชัดเจน \r\nชุดชามคู่นี้สามารถถอดออกได้ทำให้สะดวกและง่ายต่อการทำความสะอาดมาก\r\nด้านล่างของที่วางชามมีแผ่นซิลิโคนกันลื่นที่ป้องกันไม่ให้ชามลื่นไถลระหว่างการใช้งานและลดเสียงรบกวนจากแรงเสียดทานชั้นวางชามและพื้น\r\nด้วยฐานที่มีขนาดใหญ่ทำให้ยากต่อการพลิกคว่ำ\r\nทนทาน ใช้งานได้นาน แยกส่วนประกอบได้ทำความสะอาดง่าย \r\nกระบอกน้ำขนาดใหญ่ จุน้ำได้เยอะ ฐานขนาดใหญ่แข็งแรงยึดเกาะพื้นได้ดี', 199, 10, NULL, '80607209474003b1e56e95aabdd156a8.jfif'),
(80, 1, 13, 'ชามแมว 3 หลุม เติมน้ำอัตโนมัติ ชามอาหารเเละน้ำ', 'ใช้งานง่ายเพียงใส่น้ำสำหรับสัตว์เลี้ยงไว้ในขวด เมื่อสัตว์เลี้ยงมาทาน น้ำจะไหลลงมาอัตโนมัติ หมดปัญหาการเสียเวลาเพื่อเติมบ่อยๆ ไม่ต้องกังวลหากคุณไม่อยู่บ้านหลายวันแล้วจะไม่มีอาหารสำหรับสัตว์เลี้ยงไปได้เลย\r\nผลิตจากพลาสติกคุณภาพดี น้ำหนักเบา สะดวกต่อการใช้งานและทำความสะอาด\r\nมีถึง 3 หลุม สุดคุ้ม ใส่ได้หลากหลาย ใส่อาหาร ขนม เเละน้ำ \r\nตัวชาม มียกสูงกันอาหารหกออกมาด้านนอก\r\nสีสวย เข้ากับบรรยากาศในบ้าน ', 299, 6, NULL, '6fd025b5f365f652be227cc6b4201242.jfif'),
(81, 1, 13, 'lovey ชามอาหารสเตนเลส สำหรับสัตว์เลี้ยง', 'นี่คือชามแมวทรงสูงที่ช่วยปรับปรุงการย่อยอาหารของแมวของคุณ! ลดอาการอาหารไม่ย่อยและกรดไหลย้อนเพื่อทานอาหารเย็นที่ดีต่อสุขภาพและผ่อนคลาย อัพเกรดสไตล์สัตว์เลี้ยงของคุณด้วยถาดแมวรูปแมวสุดน่ารัก! แสดงความรักต่อเพื่อนซี้ขนฟูของคุณด้วยชามสัตว์เลี้ยงแสนสนุกที่ช่วยเพิ่มความสุขให้กับทุกพื้นที่ ชามนี้มีความจุมาก ถ้าแมวของคุณมีอาหารเยอะ คุณก็ไม่ต้องกังวลว่าจะหิวด้วยชามนี้', 259, 8, NULL, '8224859ab3882fba781bdd22eb52195a.jfif'),
(82, 1, 14, 'กระเป๋าแมว พับเก็บได้ ระบายอากาศได้ หน้าต่างกันสาด', 'อัพเกรดวัสดุ, การเสริมแรงรอบด้าน, การรองรับด้านล่างที่แข็งแกร่ง, ไม่กลัวการเสียรูป!\r\nพื้นที่สามมิติมีขนาดใหญ่และสัตว์เลี้ยงสามารถยืนในกระเป๋าเป้สะพายหลังได้อย่างสะดวกสบาย\r\nการออกแบบม่านผ้าผ้าอย่างมีประสิทธิภาพบล็อกสภาพอากาศเลวร้ายเช่นวันฝนตก\r\nการออกแบบการระบายอากาศรอบด้านตาข่ายระบายอากาศทั้งสองด้านและรูระบายอากาศที่ด้านล่างช่วยให้สัตว์เลี้ยงหายใจได้อย่างอิสระการไหลเวียนของอากาศไม่อุดตัน\r\nสายรัดไหล่ราคาประหยัดหนาและทนทานให้ความสะดวกสบายมากขึ้นในระหว่างการเดินทางไกล', 399, 2, NULL, 'cn-11134207-7qukw-lj1576afjq7u81.jfif'),
(83, 1, 14, 'Boqi Factory กระเป๋าสะพายแมวพับเก็บได้', 'เป็นเป้สะพายก็ได้ หรือถือก็ได้ \r\nตาข่ายด้านหน้าและรูระบายอากาศขนาดใหญ่ ที่ด้านบน ช่วยให้อากาศถ่ายเทได้ดี ทำให้สัตว์เลี้ยงเย็นสบาย ไม่อึดอัด\r\nมีผ้าม่านสามารถเปิดหรือวงกลมดูแลแมวขี้ขลาด\r\nผลิตจากวัสดุเกรดดีทนต่อการขีดข่วนและกัด แข็งแรงและไม่เสียรูป\r\nตามหลักสรีรศาสตร์สายรัดกันกระแทก + หัวเข็มขัดหน้าอกลดน้ำหนัก\r\nตรงสายสะพายไหล่บุฟองน้ำหนาพิเศษ ช่วยสะพายนุ่มสบายระหว่างเดินทางไกล\r\nดีไซน์บางเบา พับเก็บง่าย ช่วยประหยัดพื้นที่ระหว่างเดินทาง', 299, 3, NULL, 'th-11134207-7qula-lgw0dybtfxmce8.jfif'),
(84, 3, 14, 'Boqi Factory เป้สะพายหลังใส่สุนัข', 'กระเป๋าเป้ใส่สุนัข  ผลิตจากผ้าไนลอนผสมโพลีเอสเตอร์ น้ำหนักเบา สะพายง่าย มีรูตาข่ายระบายอากาศทำให้เจ้าตัวเล็กของคุณไม่อึดอัด พกพาสะดวกไปได้ทุกที่ให้เค้าเห็นโลกกว้างไปพร้อมๆกัน  สะดวกสบายปรับระดับได้ มีรูระบายอากาศทำให้ไม่อึดอัด มีตีนตุ๊กแกสามารถปรับเข้าออกเพื่อความกระชับ ตรงบริเวณคอเป็นแบบยืดหยุ่นทำให้ไม่อึดอัด สามารถเอาขาออกมาได้ทั้งสองข้าง มีสายรัดเอวด้านหลังอีกชั้นป้องกันการเลื่อนหลุดของกระเป๋า', 169, 8, NULL, 'bdaa75b6b42520d70b49bbb99a0ad9f6.jfif'),
(85, 1, 14, 'Boqi Factory เป้สะพายใส่แมว', 'กระเป๋าเป้ใส่แมว ผลิตจากผ้าไนลอนผสมโพลีเอสเตอร์ น้ำหนักเบา สะพายง่าย มีรูตาข่ายระบายอากาศทำให้เจ้าตัวเล็กของคุณไม่อึดอัด พกพาสะดวกไปได้ทุกที่ให้เค้าเห็นโลกกว้างไปพร้อมๆกัน  สะดวกสบายปรับระดับได้ มีรูระบายอากาศทำให้ไม่อึดอัด มีตีนตุ๊กแกสามารถปรับเข้าออกเพื่อความกระชับ ตรงบริเวณคอเป็นแบบยืดหยุ่นทำให้ไม่อึดอัด สามารถเอาขาออกมาได้ทั้งสองข้าง มีสายรัดเอวด้านหลังอีกชั้นป้องกันการเลื่อนหลุดของกระเป๋า', 169, 9, NULL, 'th-11134207-23030-neppzeyfc5nvcb.jfif'),
(86, 3, 14, 'Boqi Factory สายจูงสุนัข', 'น้ำหนักเบา เหมาะกับน้องๆ\r\nป้องกันไม่ให้หลุด ปรับขนาดได้\r\nปลอดภัย และสะดวกในการสวมใส่\r\nระบายความร้อนได้ดี  ทำความสะอาดง่าย', 59, 9, NULL, 'th-11134207-7qula-lgx6ou2busxg5d.jfif'),
(87, 1, 14, 'กระเป๋าแมว กระเป๋าแบบพกพา', 'น้ำหนักเบาของผู้ให้บริการแต่เปลือกที่ทนทานมีฐานแข็งและฐานแข็งช่วยปกป้องสัตว์เลี้ยงของคุณ ฐานแข็งซึ่งสามารถถอดออกได้สำหรับซักผ้า, ช่วยให้สัตว์เลี้ยงของคุณมั่นใจว่าพื้นผิวที่มั่นคงใต้เท้าของพวกเขา\r\n\r\nรูระบายอากาศกระจายอย่างสม่ำเสมอตามพื้นผิวของผู้ให้บริการช่วยให้สัตว์เลี้ยงของคุณเย็นและตระหนักถึงสภาพแวดล้อม, ในขณะที่ในตัวกลไกการล็อคป้องกันอุบัติเหตุหลบหนีหรือเปิดกระเป๋าจากภายใน\r\n\r\nการออกแบบที่โปร่งใสและมีสีสันสดใสของกระเป๋าทำให้มีความสวยงามและทันสมัย ความโปร่งใสของปกระบายอากาศช่วยบรรเทาความวิตกกังวลสัตว์เลี้ยงและให้พวกเขามุมมองเต็มรูปแบบของสภาพแวดล้อมของพวกเขา, อนุญาตให้พวกเขาชื่นชมทิวทัศน์เพียงเท่าที่คุณทำ\r\n\r\nเป็นผู้ให้บริการมีความทนทานและกันน้ำ, ไม่จำเป็นต้องกังวลเกี่ยวกับความเสียหายที่ทำโดย clawing หรือ gnawing. ผู้ให้บริการให้ประสบการณ์ที่น่ารื่นรมย์สำหรับทั้งคุณและสัตว์เลี้ยงของคุณและก็ทำความสะอาดง่ายเช่นกัน', 500, 5, NULL, 'sg-11134201-22090-ca7elmxwithve7.jfif'),
(88, 3, 14, 'สายรัดอกสุนัข ที่รัดอกสุนัข ใช้ได้ทั้งสุนัขเล็กและใหญ่', 'ออกแบบได้สวยงามใส่ได้ง่าย\r\nใช้วัสดุในการผลิตที่มีคุณภาพมีความทนทานในการใช้งาน\r\nช่วยทำให้การจูงสุนัขได้มั่นคงทำได้ดีกว่าการคล้องแบบคอ ไม่ทำให้สุนัขเจ็บ', 59, 10, NULL, '9082c19ffea766d7bac6333cbe072947.jfif'),
(89, 3, 14, 'เสื้อรัดอกสุนัข ผ้าระบายอากาศ', 'ปรับขนาดได้ ให้พอดีกับตัวสัตว์เลี้ยง ใส่ง่าย\r\nดีไซส์สวยงาม น่ารัก สวยมากๆๆ \r\nน้ำหนักเบา เหมาะกับน้องๆ\r\nระบายความร้อนได้ดี \r\nทำความสะอาดง่าย\r\nผ้าระบายอากาศได้ดี ไม่ร้อน ไม่อบ ไม่มีกลิ่นเหม็น\r\nติดชุดด้วยเทปตีนตุ๊กแก มีห่วงและตะขอล็อคอีกชั้น \r\nปลอดภัย และสะดวกในการสวมใส่\r\nมีเเถบเรืองเเสงตอนกลางคืน', 99, 9, NULL, '3feb28c0f1e49691171ab436f06da86a.jfif'),
(90, 3, 11, 'VetriScience GlycoFlex 3 Hip & Joint Support 120 เม็ด บำรุงสะโพกและข้อสะโพก สำหรับสุนั', 'GlycoFlex 3 Hip & Joint Support for dogs\r\n\r\nทุกส่วนผสมได้รับการพิสูจน์ทางคลินิคว่าช่วยเสริมสุขภาพข้อและช่วยให้การขยับเคลื่อนไหวดีขึ้น เหมาะสำหรับทุกสายพันธุ์และทุกช่วงวัย\r\n\r\nมีส่วนผสมของ Perna canaliculus หรือหอยแมลงภู่เปลือกเขียว ที่ช่วยเสริมสร้างกระดูกอ่อนและบำรุงข้อ\r\nและยังมีส่วนผสมทรงพลังต่างๆเช่น glucosamine, DMG, MSM ที่ช่วยบำรุงข้อสะโพกและข้อต่อต่างๆ\r\n\r\nมีวิทยาศาสตร์และงานวิจัยสนับสนุน', 2190, 16, '2023-11-03', 'db4f89553eab9a97d49b69739a09164d.jfif');

-- --------------------------------------------------------

--
-- Table structure for table `review`
--

CREATE TABLE `review` (
  `id` int(11) NOT NULL,
  `user_id` int(11) NOT NULL,
  `product_id` int(11) NOT NULL,
  `rating` int(11) NOT NULL,
  `comment` varchar(1000) DEFAULT '',
  `date` date NOT NULL
) ENGINE=InnoDB DEFAULT CHARSET=utf8mb4;

--
-- Dumping data for table `review`
--

INSERT INTO `review` (`id`, `user_id`, `product_id`, `rating`, `comment`, `date`) VALUES
(1, 6, 7, 4, 'test', '2023-09-04'),
(2, 6, 37, 5, 'น้องหมาชอบมาก กินทุกวันสุขภาพดีมาก ขนสวยงาม', '2023-09-04'),
(3, 9, 37, 3, 'สุนัขที่บ้านกินแล้วขนสวย ดูสุขภาพดี', '2023-08-31'),
(4, 6, 36, 1, 'ชอบมากๆ', '2023-09-21'),
(5, 6, 36, 5, 'น้องหมาที่บ้านบอกว่าอร่อย', '2023-09-21'),
(6, 6, 89, 5, 'น้องหมาที่บ้านกินแล้วสุขภาพดีมาก', '2023-10-02'),
(7, 6, 49, 4, 'ชอบมากๆครับ', '2023-11-03'),
(8, 31, 58, 4, 'มีวิตามินครบถ้วน', '2023-11-03'),
(9, 31, 58, 5, 'ชอบมากๆครับ', '2023-11-03');

-- --------------------------------------------------------

--
-- Table structure for table `type_product`
--

CREATE TABLE `type_product` (
  `id` int(11) NOT NULL,
  `type` varchar(255) NOT NULL
) ENGINE=InnoDB DEFAULT CHARSET=utf8mb4;

--
-- Dumping data for table `type_product`
--

INSERT INTO `type_product` (`id`, `type`) VALUES
(1, 'แมว'),
(3, 'สุนัข'),
(5, 'สัตว์เล็ก'),
(6, 'สัตว์ปีก'),
(7, 'กระต่าย'),
(8, 'ปลาและสัตว์น้ำ');

-- --------------------------------------------------------

--
-- Table structure for table `user`
--

CREATE TABLE `user` (
  `id` int(11) NOT NULL,
  `name` varchar(255) NOT NULL,
  `username` varchar(255) NOT NULL,
  `pwd` varchar(255) NOT NULL,
  `email` varchar(255) NOT NULL,
  `level` varchar(50) NOT NULL DEFAULT 'user'
) ENGINE=InnoDB DEFAULT CHARSET=utf8mb4;

--
-- Dumping data for table `user`
--

INSERT INTO `user` (`id`, `name`, `username`, `pwd`, `email`, `level`) VALUES
(1, 'Danudech Chaiphondech', 'Adminmix', '$2a$10$dbmL8Wywtvty59DN3pn7JOGphuC1HNYNbTroz9pME7Ulvv1lF8Z8S', 'test@gmail.com', 'admin'),
(6, 'Ronaldochist', 'Naldo111', '$2a$10$0Rj4xho6.XwrQRy4.ZV3DO2mr.D0C0al5df3RnmFDJGXNFPcj4x8C', 'ronal101@gmail.com', 'user'),
(9, 'haruka', 'haru', '1234', 'test', 'user'),
(10, 'labu', 'labu007x', 'Mix024688', 'labu007@gmail.com', 'user'),
(13, 'ดนุเดช ชัยพลเดช', 'Mix_x', 'Som123456789', 'mix123@gmail.com', 'admin'),
(26, 'Daudecch', 'Hero101', 'Mix024688', 'mixrko123@gmail.com', 'user'),
(28, 'Som1234', 'iSom0001', 'Som12345678', 'isom1122@gmail.com', 'admin'),
(29, 'Jubilo', 'Jubilo112233', '$2a$10$j6ib6O/.FyDSeI3NinDqW.scw.9aQ0KH66IOclJjS9cEzQEKYKyPe', 'jubilo12@gmail.com', 'user'),
(30, 'Hakata101', 'HakataYai01', '$2a$10$wHmYk8mbtS12z64qRDAUqupctvyw37XOtgD4CvTbKJxJsE6OA4GnW', 'hakata101@gmail.com', 'user'),
(31, 'Somchai09', 'Somchai10000', '$2a$10$M3vF2Gw06khc8tHY8ZJSPe5Ka/AfwSBEISBg7r2Sxm.nvfPtxhrnO', 'somchai@gmail.com', 'user'),
(32, 'Lukakafc', 'Lukakafc1122', '$2a$10$SkR9yaSiNxNOygbs.QjdXu8UlBHUVr5RBLFL8ogpAZGBnFL.VF62.', 'lukaka@gmail.com', 'user'),
(33, 'Pikachu', 'Pikachu101', '$2a$10$ESSUZu7QxuKI6rBV.ED9sOvH7MeGGSx0s/ssqG5Dbnumq9zjc9xDa', 'pika@gmail.com', 'user');

-- --------------------------------------------------------

--
-- Table structure for table `useraddress`
--

CREATE TABLE `useraddress` (
  `id` int(11) NOT NULL,
  `user_id` int(11) NOT NULL,
  `name` varchar(255) NOT NULL,
  `phone` varchar(10) NOT NULL,
  `home_number` varchar(50) NOT NULL,
  `mu_number` varchar(10) NOT NULL,
  `tambun` varchar(100) NOT NULL,
  `district` varchar(100) NOT NULL,
  `province` varchar(100) NOT NULL,
  `zip_code` int(10) NOT NULL
) ENGINE=InnoDB DEFAULT CHARSET=utf8mb4;

--
-- Dumping data for table `useraddress`
--

INSERT INTO `useraddress` (`id`, `user_id`, `name`, `phone`, `home_number`, `mu_number`, `tambun`, `district`, `province`, `zip_code`) VALUES
(6, 6, 'kanu dech', '0458663256', '85', '7', 'หนองตำลึง', 'บ้านสวน', 'ชลบุรี', 20220),
(7, 6, 'แมวส้ม ตาลดำ', '0968615643', '52', '5', 'หนองอิรุณ', 'บ้านบึง', 'ชลบุรี', 20220),
(11, 32, 'สมชาย สายบุญ', '0855644123', '96', '44', 'โคกกวก', 'ปรานชัย', 'ยะลา', 78000),
(12, 32, 'เก๋าลัด บัานบึง', '0864452369', '52', '5', 'หนองซน', 'นาทม', 'นครพนม', 48140),
(13, 31, 'สมชาย ', '0886545568', '88', '4', 'บ้านกลับ', 'หนองโดน', 'สระบุรี', 18190);

--
-- Indexes for dumped tables
--

--
-- Indexes for table `blog`
--
ALTER TABLE `blog`
  ADD PRIMARY KEY (`id`);

--
-- Indexes for table `delivery_company`
--
ALTER TABLE `delivery_company`
  ADD PRIMARY KEY (`id`);

--
-- Indexes for table `favorite`
--
ALTER TABLE `favorite`
  ADD PRIMARY KEY (`id`);

--
-- Indexes for table `group_product`
--
ALTER TABLE `group_product`
  ADD PRIMARY KEY (`id`);

--
-- Indexes for table `order`
--
ALTER TABLE `order`
  ADD PRIMARY KEY (`id`);

--
-- Indexes for table `orderdetail`
--
ALTER TABLE `orderdetail`
  ADD PRIMARY KEY (`id`);

--
-- Indexes for table `product`
--
ALTER TABLE `product`
  ADD PRIMARY KEY (`id`);

--
-- Indexes for table `review`
--
ALTER TABLE `review`
  ADD PRIMARY KEY (`id`);

--
-- Indexes for table `type_product`
--
ALTER TABLE `type_product`
  ADD PRIMARY KEY (`id`);

--
-- Indexes for table `user`
--
ALTER TABLE `user`
  ADD PRIMARY KEY (`id`);

--
-- Indexes for table `useraddress`
--
ALTER TABLE `useraddress`
  ADD PRIMARY KEY (`id`);

--
-- AUTO_INCREMENT for dumped tables
--

--
-- AUTO_INCREMENT for table `blog`
--
ALTER TABLE `blog`
  MODIFY `id` int(11) NOT NULL AUTO_INCREMENT, AUTO_INCREMENT=8;

--
-- AUTO_INCREMENT for table `delivery_company`
--
ALTER TABLE `delivery_company`
  MODIFY `id` int(11) NOT NULL AUTO_INCREMENT, AUTO_INCREMENT=9;

--
-- AUTO_INCREMENT for table `favorite`
--
ALTER TABLE `favorite`
  MODIFY `id` int(11) NOT NULL AUTO_INCREMENT, AUTO_INCREMENT=18;

--
-- AUTO_INCREMENT for table `group_product`
--
ALTER TABLE `group_product`
  MODIFY `id` int(11) NOT NULL AUTO_INCREMENT, AUTO_INCREMENT=15;

--
-- AUTO_INCREMENT for table `order`
--
ALTER TABLE `order`
  MODIFY `id` int(11) NOT NULL AUTO_INCREMENT, AUTO_INCREMENT=103;

--
-- AUTO_INCREMENT for table `orderdetail`
--
ALTER TABLE `orderdetail`
  MODIFY `id` int(11) NOT NULL AUTO_INCREMENT, AUTO_INCREMENT=188;

--
-- AUTO_INCREMENT for table `product`
--
ALTER TABLE `product`
  MODIFY `id` int(11) NOT NULL AUTO_INCREMENT, AUTO_INCREMENT=91;

--
-- AUTO_INCREMENT for table `review`
--
ALTER TABLE `review`
  MODIFY `id` int(11) NOT NULL AUTO_INCREMENT, AUTO_INCREMENT=10;

--
-- AUTO_INCREMENT for table `type_product`
--
ALTER TABLE `type_product`
  MODIFY `id` int(11) NOT NULL AUTO_INCREMENT, AUTO_INCREMENT=11;

--
-- AUTO_INCREMENT for table `user`
--
ALTER TABLE `user`
  MODIFY `id` int(11) NOT NULL AUTO_INCREMENT, AUTO_INCREMENT=34;

--
-- AUTO_INCREMENT for table `useraddress`
--
ALTER TABLE `useraddress`
  MODIFY `id` int(11) NOT NULL AUTO_INCREMENT, AUTO_INCREMENT=14;
COMMIT;

/*!40101 SET CHARACTER_SET_CLIENT=@OLD_CHARACTER_SET_CLIENT */;
/*!40101 SET CHARACTER_SET_RESULTS=@OLD_CHARACTER_SET_RESULTS */;
/*!40101 SET COLLATION_CONNECTION=@OLD_COLLATION_CONNECTION */;
